cluster,task,n_active,n_valid,n_toxic,n_nontoxic,pct_toxic,pct_nontoxic
0,NR-AR,17,15,0,15,0.0,100.0
0,NR-Aromatase,17,10,0,10,0.0,100.0
0,NR-PPAR-gamma,17,15,2,13,13.33,86.67
0,SR-HSE,17,13,0,13,0.0,100.0
0,NR-AR-LBD,17,15,2,13,13.33,86.67
0,NR-ER,17,13,2,11,15.38,84.62
0,SR-ARE,17,12,5,7,41.67,58.33
0,SR-MMP,17,12,2,10,16.67,83.33
0,NR-AhR,17,14,1,13,7.14,92.86
0,NR-ER-LBD,17,15,1,14,6.67,93.33
0,SR-ATAD5,17,15,3,12,20.0,80.0
0,SR-p53,17,15,0,15,0.0,100.0
1,NR-AR,1,1,0,1,0.0,100.0
1,NR-Aromatase,1,1,0,1,0.0,100.0
1,SR-HSE,1,1,1,0,100.0,0.0
1,NR-AR-LBD,1,1,0,1,0.0,100.0
1,NR-ER,1,1,0,1,0.0,100.0
1,SR-ARE,1,1,1,0,100.0,0.0
1,SR-MMP,1,1,0,1,0.0,100.0
1,NR-ER-LBD,1,1,0,1,0.0,100.0
1,SR-ATAD5,1,1,0,1,0.0,100.0
1,SR-p53,1,1,0,1,0.0,100.0
2,NR-AR,3,3,0,3,0.0,100.0
2,NR-Aromatase,3,2,0,2,0.0,100.0
2,NR-PPAR-gamma,3,3,0,3,0.0,100.0
2,SR-HSE,3,3,0,3,0.0,100.0
2,NR-AR-LBD,3,3,0,3,0.0,100.0
2,NR-ER,3,3,0,3,0.0,100.0
2,SR-ARE,3,2,0,2,0.0,100.0
2,SR-MMP,3,3,0,3,0.0,100.0
2,NR-AhR,3,2,1,1,50.0,50.0
2,NR-ER-LBD,3,3,0,3,0.0,100.0
2,SR-ATAD5,3,3,0,3,0.0,100.0
2,SR-p53,3,3,0,3,0.0,100.0
3,NR-AR,2,2,0,2,0.0,100.0
3,NR-Aromatase,2,2,0,2,0.0,100.0
3,NR-PPAR-gamma,2,2,0,2,0.0,100.0
3,SR-HSE,2,1,0,1,0.0,100.0
3,NR-AR-LBD,2,2,0,2,0.0,100.0
3,NR-ER,2,1,0,1,0.0,100.0
3,SR-MMP,2,1,0,1,0.0,100.0
3,NR-AhR,2,1,0,1,0.0,100.0
3,NR-ER-LBD,2,2,0,2,0.0,100.0
3,SR-ATAD5,2,2,0,2,0.0,100.0
3,SR-p53,2,1,0,1,0.0,100.0
4,NR-AR,2,2,0,2,0.0,100.0
4,SR-HSE,2,1,0,1,0.0,100.0
4,NR-AR-LBD,2,1,0,1,0.0,100.0
4,NR-ER,2,2,1,1,50.0,50.0
4,SR-ARE,2,1,1,0,100.0,0.0
4,NR-AhR,2,2,1,1,50.0,50.0
4,NR-ER-LBD,2,2,1,1,50.0,50.0
4,SR-ATAD5,2,1,1,0,100.0,0.0
5,NR-AR,1,1,0,1,0.0,100.0
5,NR-Aromatase,1,1,0,1,0.0,100.0
5,NR-PPAR-gamma,1,1,0,1,0.0,100.0
5,SR-HSE,1,1,0,1,0.0,100.0
5,NR-AR-LBD,1,1,0,1,0.0,100.0
5,NR-ER,1,1,0,1,0.0,100.0
5,SR-MMP,1,1,0,1,0.0,100.0
5,NR-ER-LBD,1,1,0,1,0.0,100.0
5,SR-ATAD5,1,1,0,1,0.0,100.0
5,SR-p53,1,1,0,1,0.0,100.0
6,NR-AR,2,2,0,2,0.0,100.0
6,NR-Aromatase,2,1,0,1,0.0,100.0
6,NR-PPAR-gamma,2,1,0,1,0.0,100.0
6,SR-HSE,2,1,0,1,0.0,100.0
6,NR-AR-LBD,2,2,0,2,0.0,100.0
6,NR-ER,2,1,0,1,0.0,100.0
6,SR-ARE,2,1,0,1,0.0,100.0
6,SR-MMP,2,1,0,1,0.0,100.0
6,NR-AhR,2,2,1,1,50.0,50.0
6,NR-ER-LBD,2,2,0,2,0.0,100.0
6,SR-ATAD5,2,2,0,2,0.0,100.0
6,SR-p53,2,2,0,2,0.0,100.0
7,NR-AR,10,10,0,10,0.0,100.0
7,NR-Aromatase,10,7,1,6,14.29,85.71
7,NR-PPAR-gamma,10,7,0,7,0.0,100.0
7,SR-HSE,10,6,0,6,0.0,100.0
7,NR-AR-LBD,10,8,0,8,0.0,100.0
7,NR-ER,10,6,0,6,0.0,100.0
7,SR-ARE,10,4,1,3,25.0,75.0
7,SR-MMP,10,5,1,4,20.0,80.0
7,NR-AhR,10,10,1,9,10.0,90.0
7,NR-ER-LBD,10,9,0,9,0.0,100.0
7,SR-ATAD5,10,8,0,8,0.0,100.0
7,SR-p53,10,9,0,9,0.0,100.0
9,NR-AR,7,7,1,6,14.29,85.71
9,NR-Aromatase,7,7,0,7,0.0,100.0
9,NR-PPAR-gamma,7,7,0,7,0.0,100.0
9,SR-HSE,7,6,0,6,0.0,100.0
9,NR-AR-LBD,7,7,1,6,14.29,85.71
9,NR-ER,7,7,1,6,14.29,85.71
9,SR-ARE,7,6,0,6,0.0,100.0
9,SR-MMP,7,6,2,4,33.33,66.67
9,NR-AhR,7,7,0,7,0.0,100.0
9,NR-ER-LBD,7,7,0,7,0.0,100.0
9,SR-ATAD5,7,7,0,7,0.0,100.0
9,SR-p53,7,6,1,5,16.67,83.33
10,NR-AR,14,13,1,12,7.69,92.31
10,NR-Aromatase,14,9,0,9,0.0,100.0
10,NR-PPAR-gamma,14,10,0,10,0.0,100.0
10,SR-HSE,14,13,1,12,7.69,92.31
10,NR-AR-LBD,14,12,1,11,8.33,91.67
10,NR-ER,14,11,1,10,9.09,90.91
10,SR-ARE,14,8,1,7,12.5,87.5
10,SR-MMP,14,5,0,5,0.0,100.0
10,NR-AhR,14,11,1,10,9.09,90.91
10,NR-ER-LBD,14,12,1,11,8.33,91.67
10,SR-ATAD5,14,13,2,11,15.38,84.62
10,SR-p53,14,12,1,11,8.33,91.67
11,NR-AR,1,1,0,1,0.0,100.0
11,NR-Aromatase,1,1,0,1,0.0,100.0
11,NR-PPAR-gamma,1,1,1,0,100.0,0.0
11,SR-HSE,1,1,0,1,0.0,100.0
11,NR-AR-LBD,1,1,0,1,0.0,100.0
11,NR-ER,1,1,0,1,0.0,100.0
11,SR-ARE,1,1,0,1,0.0,100.0
11,NR-AhR,1,1,0,1,0.0,100.0
11,NR-ER-LBD,1,1,0,1,0.0,100.0
11,SR-ATAD5,1,1,0,1,0.0,100.0
11,SR-p53,1,1,0,1,0.0,100.0
12,NR-AR,5,4,0,4,0.0,100.0
12,NR-Aromatase,5,4,0,4,0.0,100.0
12,NR-PPAR-gamma,5,4,0,4,0.0,100.0
12,SR-HSE,5,3,0,3,0.0,100.0
12,NR-AR-LBD,5,4,0,4,0.0,100.0
12,NR-ER,5,3,0,3,0.0,100.0
12,SR-ARE,5,3,1,2,33.33,66.67
12,SR-MMP,5,4,0,4,0.0,100.0
12,NR-AhR,5,4,0,4,0.0,100.0
12,NR-ER-LBD,5,4,0,4,0.0,100.0
12,SR-ATAD5,5,4,0,4,0.0,100.0
12,SR-p53,5,4,0,4,0.0,100.0
13,NR-AR,3,3,0,3,0.0,100.0
13,NR-Aromatase,3,3,0,3,0.0,100.0
13,NR-PPAR-gamma,3,3,0,3,0.0,100.0
13,SR-HSE,3,3,0,3,0.0,100.0
13,NR-AR-LBD,3,3,0,3,0.0,100.0
13,NR-ER,3,3,0,3,0.0,100.0
13,SR-ARE,3,3,0,3,0.0,100.0
13,SR-MMP,3,2,0,2,0.0,100.0
13,NR-AhR,3,3,0,3,0.0,100.0
13,NR-ER-LBD,3,3,0,3,0.0,100.0
13,SR-ATAD5,3,3,0,3,0.0,100.0
13,SR-p53,3,3,0,3,0.0,100.0
15,NR-AR,1,1,0,1,0.0,100.0
15,NR-Aromatase,1,1,0,1,0.0,100.0
15,NR-PPAR-gamma,1,1,0,1,0.0,100.0
15,SR-HSE,1,1,0,1,0.0,100.0
15,NR-AR-LBD,1,1,0,1,0.0,100.0
15,NR-ER,1,1,0,1,0.0,100.0
15,SR-ARE,1,1,0,1,0.0,100.0
15,SR-MMP,1,1,1,0,100.0,0.0
15,NR-AhR,1,1,0,1,0.0,100.0
15,NR-ER-LBD,1,1,0,1,0.0,100.0
15,SR-ATAD5,1,1,0,1,0.0,100.0
15,SR-p53,1,1,0,1,0.0,100.0
16,NR-AR,1,1,0,1,0.0,100.0
16,NR-Aromatase,1,1,0,1,0.0,100.0
16,NR-PPAR-gamma,1,1,0,1,0.0,100.0
16,SR-HSE,1,1,0,1,0.0,100.0
16,NR-AR-LBD,1,1,0,1,0.0,100.0
16,NR-ER,1,1,0,1,0.0,100.0
16,SR-ARE,1,1,0,1,0.0,100.0
16,SR-MMP,1,1,0,1,0.0,100.0
16,NR-AhR,1,1,0,1,0.0,100.0
16,NR-ER-LBD,1,1,0,1,0.0,100.0
16,SR-ATAD5,1,1,0,1,0.0,100.0
16,SR-p53,1,1,0,1,0.0,100.0
18,NR-AR,1,1,0,1,0.0,100.0
18,NR-Aromatase,1,1,0,1,0.0,100.0
18,NR-PPAR-gamma,1,1,0,1,0.0,100.0
18,SR-HSE,1,1,0,1,0.0,100.0
18,NR-AR-LBD,1,1,0,1,0.0,100.0
18,NR-ER,1,1,0,1,0.0,100.0
18,SR-ARE,1,1,0,1,0.0,100.0
18,NR-AhR,1,1,0,1,0.0,100.0
18,NR-ER-LBD,1,1,0,1,0.0,100.0
18,SR-ATAD5,1,1,0,1,0.0,100.0
18,SR-p53,1,1,0,1,0.0,100.0
19,NR-AR,2,2,0,2,0.0,100.0
19,NR-Aromatase,2,2,0,2,0.0,100.0
19,NR-PPAR-gamma,2,2,0,2,0.0,100.0
19,SR-HSE,2,2,0,2,0.0,100.0
19,NR-AR-LBD,2,2,0,2,0.0,100.0
19,NR-ER,2,2,0,2,0.0,100.0
19,SR-ARE,2,2,0,2,0.0,100.0
19,SR-MMP,2,1,0,1,0.0,100.0
19,NR-AhR,2,2,0,2,0.0,100.0
19,NR-ER-LBD,2,2,0,2,0.0,100.0
19,SR-ATAD5,2,2,0,2,0.0,100.0
19,SR-p53,2,2,0,2,0.0,100.0
20,NR-AR,1,1,1,0,100.0,0.0
20,NR-Aromatase,1,1,1,0,100.0,0.0
20,NR-PPAR-gamma,1,1,0,1,0.0,100.0
20,SR-HSE,1,1,0,1,0.0,100.0
20,NR-AR-LBD,1,1,1,0,100.0,0.0
20,SR-ARE,1,1,1,0,100.0,0.0
20,SR-MMP,1,1,0,1,0.0,100.0
20,NR-AhR,1,1,0,1,0.0,100.0
20,NR-ER-LBD,1,1,0,1,0.0,100.0
20,SR-ATAD5,1,1,0,1,0.0,100.0
20,SR-p53,1,1,0,1,0.0,100.0
21,NR-AR,3,3,0,3,0.0,100.0
21,NR-Aromatase,3,3,0,3,0.0,100.0
21,NR-PPAR-gamma,3,3,0,3,0.0,100.0
21,SR-HSE,3,3,0,3,0.0,100.0
21,NR-AR-LBD,3,3,0,3,0.0,100.0
21,NR-ER,3,3,0,3,0.0,100.0
21,SR-ARE,3,3,0,3,0.0,100.0
21,SR-MMP,3,3,0,3,0.0,100.0
21,NR-AhR,3,2,1,1,50.0,50.0
21,NR-ER-LBD,3,3,0,3,0.0,100.0
21,SR-ATAD5,3,3,0,3,0.0,100.0
21,SR-p53,3,3,0,3,0.0,100.0
22,NR-AR,4,3,0,3,0.0,100.0
22,NR-Aromatase,4,3,0,3,0.0,100.0
22,NR-PPAR-gamma,4,3,0,3,0.0,100.0
22,SR-HSE,4,2,0,2,0.0,100.0
22,NR-AR-LBD,4,3,0,3,0.0,100.0
22,NR-ER,4,3,0,3,0.0,100.0
22,SR-ARE,4,2,0,2,0.0,100.0
22,SR-MMP,4,2,0,2,0.0,100.0
22,NR-AhR,4,3,0,3,0.0,100.0
22,NR-ER-LBD,4,3,0,3,0.0,100.0
22,SR-ATAD5,4,3,0,3,0.0,100.0
22,SR-p53,4,3,0,3,0.0,100.0
23,NR-AR,1,1,1,0,100.0,0.0
23,NR-Aromatase,1,1,0,1,0.0,100.0
23,NR-AR-LBD,1,1,1,0,100.0,0.0
23,SR-MMP,1,1,1,0,100.0,0.0
23,NR-AhR,1,1,0,1,0.0,100.0
23,SR-ATAD5,1,1,0,1,0.0,100.0
24,NR-AR,2,2,0,2,0.0,100.0
24,NR-Aromatase,2,2,0,2,0.0,100.0
24,NR-PPAR-gamma,2,2,0,2,0.0,100.0
24,SR-HSE,2,2,0,2,0.0,100.0
24,NR-AR-LBD,2,2,0,2,0.0,100.0
24,SR-ARE,2,2,0,2,0.0,100.0
24,SR-MMP,2,1,0,1,0.0,100.0
24,NR-AhR,2,2,1,1,50.0,50.0
24,NR-ER-LBD,2,2,0,2,0.0,100.0
24,SR-ATAD5,2,2,0,2,0.0,100.0
24,SR-p53,2,2,0,2,0.0,100.0
25,NR-AR,18,16,0,16,0.0,100.0
25,NR-Aromatase,18,16,2,14,12.5,87.5
25,NR-PPAR-gamma,18,14,0,14,0.0,100.0
25,SR-HSE,18,14,4,10,28.57,71.43
25,NR-AR-LBD,18,14,0,14,0.0,100.0
25,NR-ER,18,14,1,13,7.14,92.86
25,SR-ARE,18,13,1,12,7.69,92.31
25,SR-MMP,18,12,3,9,25.0,75.0
25,NR-AhR,18,16,0,16,0.0,100.0
25,NR-ER-LBD,18,14,0,14,0.0,100.0
25,SR-ATAD5,18,16,0,16,0.0,100.0
25,SR-p53,18,16,2,14,12.5,87.5
29,NR-AR,2,2,0,2,0.0,100.0
29,NR-Aromatase,2,2,0,2,0.0,100.0
29,NR-PPAR-gamma,2,2,0,2,0.0,100.0
29,NR-AR-LBD,2,2,0,2,0.0,100.0
29,NR-ER,2,2,0,2,0.0,100.0
29,SR-MMP,2,2,0,2,0.0,100.0
29,NR-AhR,2,1,0,1,0.0,100.0
29,NR-ER-LBD,2,2,0,2,0.0,100.0
29,SR-ATAD5,2,2,0,2,0.0,100.0
29,SR-p53,2,2,0,2,0.0,100.0
30,NR-AR,1,1,0,1,0.0,100.0
30,NR-Aromatase,1,1,0,1,0.0,100.0
30,NR-PPAR-gamma,1,1,0,1,0.0,100.0
30,SR-HSE,1,1,0,1,0.0,100.0
30,NR-AR-LBD,1,1,0,1,0.0,100.0
30,NR-ER,1,1,0,1,0.0,100.0
30,SR-ARE,1,1,0,1,0.0,100.0
30,SR-MMP,1,1,0,1,0.0,100.0
30,NR-AhR,1,1,0,1,0.0,100.0
30,NR-ER-LBD,1,1,0,1,0.0,100.0
30,SR-ATAD5,1,1,0,1,0.0,100.0
30,SR-p53,1,1,0,1,0.0,100.0
31,NR-AR,1,1,0,1,0.0,100.0
31,NR-Aromatase,1,1,0,1,0.0,100.0
31,NR-PPAR-gamma,1,1,0,1,0.0,100.0
31,SR-HSE,1,1,0,1,0.0,100.0
31,NR-AR-LBD,1,1,0,1,0.0,100.0
31,NR-ER,1,1,0,1,0.0,100.0
31,SR-ARE,1,1,0,1,0.0,100.0
31,SR-MMP,1,1,0,1,0.0,100.0
31,NR-AhR,1,1,0,1,0.0,100.0
31,NR-ER-LBD,1,1,0,1,0.0,100.0
31,SR-ATAD5,1,1,0,1,0.0,100.0
31,SR-p53,1,1,0,1,0.0,100.0
32,NR-AR,1,1,0,1,0.0,100.0
32,NR-PPAR-gamma,1,1,0,1,0.0,100.0
32,SR-HSE,1,1,0,1,0.0,100.0
32,NR-AR-LBD,1,1,0,1,0.0,100.0
32,NR-ER,1,1,0,1,0.0,100.0
32,NR-AhR,1,1,0,1,0.0,100.0
32,NR-ER-LBD,1,1,0,1,0.0,100.0
32,SR-ATAD5,1,1,0,1,0.0,100.0
32,SR-p53,1,1,0,1,0.0,100.0
33,NR-AR,3,3,0,3,0.0,100.0
33,NR-Aromatase,3,2,0,2,0.0,100.0
33,NR-PPAR-gamma,3,1,0,1,0.0,100.0
33,SR-HSE,3,1,0,1,0.0,100.0
33,NR-AR-LBD,3,3,0,3,0.0,100.0
33,NR-ER,3,1,0,1,0.0,100.0
33,SR-ARE,3,2,0,2,0.0,100.0
33,SR-MMP,3,1,0,1,0.0,100.0
33,NR-AhR,3,3,0,3,0.0,100.0
33,NR-ER-LBD,3,3,0,3,0.0,100.0
33,SR-ATAD5,3,3,0,3,0.0,100.0
33,SR-p53,3,2,0,2,0.0,100.0
34,NR-AR,1,1,0,1,0.0,100.0
34,NR-Aromatase,1,1,0,1,0.0,100.0
34,NR-PPAR-gamma,1,1,0,1,0.0,100.0
34,NR-AR-LBD,1,1,0,1,0.0,100.0
34,NR-ER,1,1,0,1,0.0,100.0
34,SR-MMP,1,1,0,1,0.0,100.0
34,NR-AhR,1,1,0,1,0.0,100.0
34,NR-ER-LBD,1,1,0,1,0.0,100.0
34,SR-ATAD5,1,1,0,1,0.0,100.0
34,SR-p53,1,1,0,1,0.0,100.0
35,NR-AR,2,1,0,1,0.0,100.0
35,NR-Aromatase,2,1,0,1,0.0,100.0
35,NR-PPAR-gamma,2,1,0,1,0.0,100.0
35,SR-HSE,2,2,0,2,0.0,100.0
35,NR-AR-LBD,2,1,0,1,0.0,100.0
35,NR-ER,2,1,0,1,0.0,100.0
35,SR-ARE,2,2,0,2,0.0,100.0
35,SR-MMP,2,1,0,1,0.0,100.0
35,NR-AhR,2,1,0,1,0.0,100.0
35,NR-ER-LBD,2,1,0,1,0.0,100.0
35,SR-ATAD5,2,1,0,1,0.0,100.0
35,SR-p53,2,1,0,1,0.0,100.0
36,NR-AR,5,5,0,5,0.0,100.0
36,NR-Aromatase,5,4,0,4,0.0,100.0
36,NR-PPAR-gamma,5,5,1,4,20.0,80.0
36,SR-HSE,5,4,0,4,0.0,100.0
36,NR-AR-LBD,5,5,1,4,20.0,80.0
36,NR-ER,5,5,1,4,20.0,80.0
36,SR-ARE,5,4,0,4,0.0,100.0
36,SR-MMP,5,3,0,3,0.0,100.0
36,NR-AhR,5,5,0,5,0.0,100.0
36,NR-ER-LBD,5,4,1,3,25.0,75.0
36,SR-ATAD5,5,5,1,4,20.0,80.0
36,SR-p53,5,5,1,4,20.0,80.0
37,NR-AR,1,1,0,1,0.0,100.0
37,NR-PPAR-gamma,1,1,0,1,0.0,100.0
37,SR-HSE,1,1,0,1,0.0,100.0
37,NR-AR-LBD,1,1,0,1,0.0,100.0
37,NR-ER,1,1,1,0,100.0,0.0
37,SR-ARE,1,1,1,0,100.0,0.0
37,SR-MMP,1,1,0,1,0.0,100.0
37,NR-ER-LBD,1,1,0,1,0.0,100.0
37,SR-ATAD5,1,1,0,1,0.0,100.0
37,SR-p53,1,1,0,1,0.0,100.0
38,NR-AR,2,1,0,1,0.0,100.0
38,NR-Aromatase,2,1,0,1,0.0,100.0
38,NR-PPAR-gamma,2,1,0,1,0.0,100.0
38,SR-HSE,2,2,0,2,0.0,100.0
38,NR-AR-LBD,2,1,0,1,0.0,100.0
38,NR-ER,2,1,0,1,0.0,100.0
38,SR-ARE,2,2,0,2,0.0,100.0
38,SR-MMP,2,1,0,1,0.0,100.0
38,NR-AhR,2,1,0,1,0.0,100.0
38,NR-ER-LBD,2,1,0,1,0.0,100.0
38,SR-ATAD5,2,1,0,1,0.0,100.0
38,SR-p53,2,1,0,1,0.0,100.0
39,NR-AR,1,1,0,1,0.0,100.0
39,NR-Aromatase,1,1,0,1,0.0,100.0
39,NR-PPAR-gamma,1,1,0,1,0.0,100.0
39,SR-HSE,1,1,0,1,0.0,100.0
39,NR-AR-LBD,1,1,0,1,0.0,100.0
39,NR-ER,1,1,0,1,0.0,100.0
39,SR-MMP,1,1,0,1,0.0,100.0
39,NR-AhR,1,1,0,1,0.0,100.0
39,NR-ER-LBD,1,1,0,1,0.0,100.0
39,SR-ATAD5,1,1,0,1,0.0,100.0
39,SR-p53,1,1,0,1,0.0,100.0
40,NR-AR,11,10,0,10,0.0,100.0
40,NR-Aromatase,11,9,0,9,0.0,100.0
40,NR-PPAR-gamma,11,9,0,9,0.0,100.0
40,SR-HSE,11,8,1,7,12.5,87.5
40,NR-AR-LBD,11,9,0,9,0.0,100.0
40,NR-ER,11,9,1,8,11.11,88.89
40,SR-ARE,11,8,1,7,12.5,87.5
40,SR-MMP,11,7,0,7,0.0,100.0
40,NR-AhR,11,10,0,10,0.0,100.0
40,NR-ER-LBD,11,9,1,8,11.11,88.89
40,SR-ATAD5,11,10,1,9,10.0,90.0
40,SR-p53,11,10,2,8,20.0,80.0
41,NR-AR,4,4,1,3,25.0,75.0
41,NR-Aromatase,4,3,0,3,0.0,100.0
41,NR-PPAR-gamma,4,2,0,2,0.0,100.0
41,SR-HSE,4,2,0,2,0.0,100.0
41,NR-AR-LBD,4,4,1,3,25.0,75.0
41,NR-ER,4,4,0,4,0.0,100.0
41,SR-ARE,4,2,0,2,0.0,100.0
41,SR-MMP,4,3,0,3,0.0,100.0
41,NR-AhR,4,3,0,3,0.0,100.0
41,NR-ER-LBD,4,4,0,4,0.0,100.0
41,SR-ATAD5,4,4,0,4,0.0,100.0
41,SR-p53,4,4,0,4,0.0,100.0
42,NR-AR,2,2,0,2,0.0,100.0
42,NR-Aromatase,2,2,0,2,0.0,100.0
42,NR-PPAR-gamma,2,2,0,2,0.0,100.0
42,SR-HSE,2,1,0,1,0.0,100.0
42,NR-AR-LBD,2,2,0,2,0.0,100.0
42,NR-ER,2,2,0,2,0.0,100.0
42,SR-ARE,2,1,0,1,0.0,100.0
42,SR-MMP,2,1,0,1,0.0,100.0
42,NR-AhR,2,2,0,2,0.0,100.0
42,NR-ER-LBD,2,2,0,2,0.0,100.0
42,SR-ATAD5,2,2,0,2,0.0,100.0
42,SR-p53,2,2,0,2,0.0,100.0
43,NR-AR,1,1,1,0,100.0,0.0
43,NR-Aromatase,1,1,0,1,0.0,100.0
43,NR-PPAR-gamma,1,1,0,1,0.0,100.0
43,NR-AR-LBD,1,1,1,0,100.0,0.0
43,NR-ER,1,1,1,0,100.0,0.0
43,SR-MMP,1,1,0,1,0.0,100.0
43,NR-ER-LBD,1,1,0,1,0.0,100.0
43,SR-ATAD5,1,1,0,1,0.0,100.0
43,SR-p53,1,1,0,1,0.0,100.0
44,NR-AR,6,6,0,6,0.0,100.0
44,NR-Aromatase,6,4,0,4,0.0,100.0
44,NR-PPAR-gamma,6,4,0,4,0.0,100.0
44,SR-HSE,6,5,1,4,20.0,80.0
44,NR-AR-LBD,6,4,0,4,0.0,100.0
44,NR-ER,6,3,0,3,0.0,100.0
44,SR-ARE,6,5,2,3,40.0,60.0
44,SR-MMP,6,4,2,2,50.0,50.0
44,NR-AhR,6,6,2,4,33.33,66.67
44,NR-ER-LBD,6,5,0,5,0.0,100.0
44,SR-ATAD5,6,4,0,4,0.0,100.0
44,SR-p53,6,6,0,6,0.0,100.0
45,NR-AR,1,1,0,1,0.0,100.0
45,NR-Aromatase,1,1,0,1,0.0,100.0
45,NR-PPAR-gamma,1,1,0,1,0.0,100.0
45,SR-HSE,1,1,0,1,0.0,100.0
45,NR-AR-LBD,1,1,0,1,0.0,100.0
45,NR-ER,1,1,0,1,0.0,100.0
45,SR-MMP,1,1,0,1,0.0,100.0
45,NR-AhR,1,1,0,1,0.0,100.0
45,NR-ER-LBD,1,1,0,1,0.0,100.0
45,SR-ATAD5,1,1,0,1,0.0,100.0
45,SR-p53,1,1,0,1,0.0,100.0
46,NR-AR,3,3,0,3,0.0,100.0
46,NR-Aromatase,3,3,0,3,0.0,100.0
46,NR-PPAR-gamma,3,3,0,3,0.0,100.0
46,SR-HSE,3,2,0,2,0.0,100.0
46,NR-AR-LBD,3,3,0,3,0.0,100.0
46,NR-ER,3,3,1,2,33.33,66.67
46,SR-ARE,3,2,0,2,0.0,100.0
46,SR-MMP,3,2,0,2,0.0,100.0
46,NR-AhR,3,3,0,3,0.0,100.0
46,NR-ER-LBD,3,3,0,3,0.0,100.0
46,SR-ATAD5,3,3,1,2,33.33,66.67
46,SR-p53,3,3,1,2,33.33,66.67
49,SR-HSE,1,1,1,0,100.0,0.0
50,NR-AR,9,9,2,7,22.22,77.78
50,NR-Aromatase,9,5,1,4,20.0,80.0
50,NR-PPAR-gamma,9,7,1,6,14.29,85.71
50,SR-HSE,9,7,1,6,14.29,85.71
50,NR-AR-LBD,9,9,2,7,22.22,77.78
50,NR-ER,9,7,2,5,28.57,71.43
50,SR-ARE,9,6,2,4,33.33,66.67
50,SR-MMP,9,6,2,4,33.33,66.67
50,NR-AhR,9,9,0,9,0.0,100.0
50,NR-ER-LBD,9,7,1,6,14.29,85.71
50,SR-ATAD5,9,9,1,8,11.11,88.89
50,SR-p53,9,6,1,5,16.67,83.33
52,NR-AR,34,29,1,28,3.45,96.55
52,NR-Aromatase,34,22,1,21,4.55,95.45
52,NR-PPAR-gamma,34,25,1,24,4.0,96.0
52,SR-HSE,34,23,1,22,4.35,95.65
52,NR-AR-LBD,34,28,2,26,7.14,92.86
52,NR-ER,34,24,8,16,33.33,66.67
52,SR-ARE,34,18,4,14,22.22,77.78
52,SR-MMP,34,23,4,19,17.39,82.61
52,NR-AhR,34,27,7,20,25.93,74.07
52,NR-ER-LBD,34,29,4,25,13.79,86.21
52,SR-ATAD5,34,28,3,25,10.71,89.29
52,SR-p53,34,28,3,25,10.71,89.29
55,NR-AR,4,4,0,4,0.0,100.0
55,NR-Aromatase,4,4,0,4,0.0,100.0
55,NR-PPAR-gamma,4,4,0,4,0.0,100.0
55,SR-HSE,4,2,0,2,0.0,100.0
55,NR-AR-LBD,4,3,0,3,0.0,100.0
55,NR-ER,4,4,0,4,0.0,100.0
55,SR-ARE,4,2,0,2,0.0,100.0
55,SR-MMP,4,4,0,4,0.0,100.0
55,NR-AhR,4,4,0,4,0.0,100.0
55,NR-ER-LBD,4,4,0,4,0.0,100.0
55,SR-ATAD5,4,4,0,4,0.0,100.0
55,SR-p53,4,3,0,3,0.0,100.0
56,NR-AR,2,1,0,1,0.0,100.0
56,NR-Aromatase,2,1,1,0,100.0,0.0
56,SR-HSE,2,1,0,1,0.0,100.0
56,NR-AR-LBD,2,1,1,0,100.0,0.0
56,NR-ER-LBD,2,1,1,0,100.0,0.0
56,SR-ATAD5,2,1,1,0,100.0,0.0
56,SR-p53,2,1,1,0,100.0,0.0
57,NR-AR,15,15,0,15,0.0,100.0
57,NR-Aromatase,15,12,1,11,8.33,91.67
57,NR-PPAR-gamma,15,12,0,12,0.0,100.0
57,SR-HSE,15,12,0,12,0.0,100.0
57,NR-AR-LBD,15,14,0,14,0.0,100.0
57,NR-ER,15,12,0,12,0.0,100.0
57,SR-ARE,15,13,1,12,7.69,92.31
57,SR-MMP,15,12,1,11,8.33,91.67
57,NR-AhR,15,15,1,14,6.67,93.33
57,NR-ER-LBD,15,14,0,14,0.0,100.0
57,SR-ATAD5,15,15,0,15,0.0,100.0
57,SR-p53,15,14,0,14,0.0,100.0
58,NR-AR,45,43,2,41,4.65,95.35
58,NR-Aromatase,45,33,5,28,15.15,84.85
58,NR-PPAR-gamma,45,37,2,35,5.41,94.59
58,SR-HSE,45,33,2,31,6.06,93.94
58,NR-AR-LBD,45,36,1,35,2.78,97.22
58,NR-ER,45,32,9,23,28.12,71.88
58,SR-ARE,45,25,5,20,20.0,80.0
58,SR-MMP,45,36,7,29,19.44,80.56
58,NR-AhR,45,36,11,25,30.56,69.44
58,NR-ER-LBD,45,35,3,32,8.57,91.43
58,SR-ATAD5,45,38,4,34,10.53,89.47
58,SR-p53,45,40,10,30,25.0,75.0
59,NR-AR,11,9,0,9,0.0,100.0
59,NR-Aromatase,11,6,1,5,16.67,83.33
59,NR-PPAR-gamma,11,7,2,5,28.57,71.43
59,SR-HSE,11,10,1,9,10.0,90.0
59,NR-AR-LBD,11,10,0,10,0.0,100.0
59,NR-ER,11,8,0,8,0.0,100.0
59,SR-ARE,11,9,3,6,33.33,66.67
59,SR-MMP,11,8,3,5,37.5,62.5
59,NR-AhR,11,9,3,6,33.33,66.67
59,NR-ER-LBD,11,10,0,10,0.0,100.0
59,SR-ATAD5,11,10,0,10,0.0,100.0
59,SR-p53,11,8,0,8,0.0,100.0
60,NR-AR,4,4,0,4,0.0,100.0
60,NR-Aromatase,4,2,0,2,0.0,100.0
60,NR-PPAR-gamma,4,3,0,3,0.0,100.0
60,SR-HSE,4,2,0,2,0.0,100.0
60,NR-AR-LBD,4,4,0,4,0.0,100.0
60,NR-ER,4,3,0,3,0.0,100.0
60,SR-ARE,4,2,0,2,0.0,100.0
60,SR-MMP,4,3,0,3,0.0,100.0
60,NR-AhR,4,3,0,3,0.0,100.0
60,NR-ER-LBD,4,3,0,3,0.0,100.0
60,SR-ATAD5,4,3,0,3,0.0,100.0
60,SR-p53,4,4,1,3,25.0,75.0
61,NR-AR,4,4,1,3,25.0,75.0
61,NR-Aromatase,4,3,0,3,0.0,100.0
61,NR-PPAR-gamma,4,3,0,3,0.0,100.0
61,SR-HSE,4,1,0,1,0.0,100.0
61,NR-AR-LBD,4,3,1,2,33.33,66.67
61,NR-ER,4,3,0,3,0.0,100.0
61,SR-MMP,4,2,0,2,0.0,100.0
61,NR-AhR,4,3,0,3,0.0,100.0
61,NR-ER-LBD,4,4,0,4,0.0,100.0
61,SR-ATAD5,4,4,0,4,0.0,100.0
61,SR-p53,4,3,0,3,0.0,100.0
62,NR-AR,23,22,0,22,0.0,100.0
62,NR-Aromatase,23,17,2,15,11.76,88.24
62,NR-PPAR-gamma,23,19,0,19,0.0,100.0
62,SR-HSE,23,21,0,21,0.0,100.0
62,NR-AR-LBD,23,19,0,19,0.0,100.0
62,NR-ER,23,17,1,16,5.88,94.12
62,SR-ARE,23,18,4,14,22.22,77.78
62,SR-MMP,23,17,6,11,35.29,64.71
62,NR-AhR,23,16,4,12,25.0,75.0
62,NR-ER-LBD,23,21,0,21,0.0,100.0
62,SR-ATAD5,23,20,0,20,0.0,100.0
62,SR-p53,23,20,0,20,0.0,100.0
63,NR-AR,1,1,0,1,0.0,100.0
63,NR-Aromatase,1,1,0,1,0.0,100.0
63,NR-PPAR-gamma,1,1,0,1,0.0,100.0
63,NR-AR-LBD,1,1,0,1,0.0,100.0
63,SR-MMP,1,1,0,1,0.0,100.0
63,NR-AhR,1,1,0,1,0.0,100.0
63,NR-ER-LBD,1,1,0,1,0.0,100.0
63,SR-ATAD5,1,1,0,1,0.0,100.0
63,SR-p53,1,1,0,1,0.0,100.0
64,NR-AR,1,1,1,0,100.0,0.0
64,NR-PPAR-gamma,1,1,0,1,0.0,100.0
64,NR-AR-LBD,1,1,1,0,100.0,0.0
64,NR-ER,1,1,0,1,0.0,100.0
64,SR-MMP,1,1,0,1,0.0,100.0
64,NR-AhR,1,1,0,1,0.0,100.0
64,NR-ER-LBD,1,1,0,1,0.0,100.0
64,SR-ATAD5,1,1,0,1,0.0,100.0
64,SR-p53,1,1,0,1,0.0,100.0
65,NR-AR,8,8,0,8,0.0,100.0
65,NR-Aromatase,8,5,1,4,20.0,80.0
65,NR-PPAR-gamma,8,8,0,8,0.0,100.0
65,SR-HSE,8,6,0,6,0.0,100.0
65,NR-AR-LBD,8,8,0,8,0.0,100.0
65,NR-ER,8,7,0,7,0.0,100.0
65,SR-ARE,8,3,0,3,0.0,100.0
65,SR-MMP,8,2,0,2,0.0,100.0
65,NR-AhR,8,8,0,8,0.0,100.0
65,NR-ER-LBD,8,7,0,7,0.0,100.0
65,SR-ATAD5,8,8,0,8,0.0,100.0
65,SR-p53,8,8,2,6,25.0,75.0
66,NR-AR,21,20,0,20,0.0,100.0
66,NR-Aromatase,21,19,1,18,5.26,94.74
66,NR-PPAR-gamma,21,20,0,20,0.0,100.0
66,SR-HSE,21,19,0,19,0.0,100.0
66,NR-AR-LBD,21,21,0,21,0.0,100.0
66,NR-ER,21,18,1,17,5.56,94.44
66,SR-ARE,21,19,3,16,15.79,84.21
66,SR-MMP,21,19,2,17,10.53,89.47
66,NR-AhR,21,19,2,17,10.53,89.47
66,NR-ER-LBD,21,21,0,21,0.0,100.0
66,SR-ATAD5,21,21,0,21,0.0,100.0
66,SR-p53,21,21,0,21,0.0,100.0
68,NR-AR,6,4,1,3,25.0,75.0
68,NR-Aromatase,6,3,1,2,33.33,66.67
68,NR-PPAR-gamma,6,4,0,4,0.0,100.0
68,SR-HSE,6,5,1,4,20.0,80.0
68,NR-AR-LBD,6,4,0,4,0.0,100.0
68,NR-ER,6,2,0,2,0.0,100.0
68,SR-ARE,6,4,0,4,0.0,100.0
68,SR-MMP,6,3,0,3,0.0,100.0
68,NR-AhR,6,3,2,1,66.67,33.33
68,NR-ER-LBD,6,3,0,3,0.0,100.0
68,SR-ATAD5,6,4,0,4,0.0,100.0
68,SR-p53,6,4,1,3,25.0,75.0
70,NR-AR,91,84,3,81,3.57,96.43
70,NR-Aromatase,91,69,2,67,2.9,97.1
70,NR-PPAR-gamma,91,74,3,71,4.05,95.95
70,SR-HSE,91,73,4,69,5.48,94.52
70,NR-AR-LBD,91,81,5,76,6.17,93.83
70,NR-ER,91,71,4,67,5.63,94.37
70,SR-ARE,91,65,3,62,4.62,95.38
70,SR-MMP,91,63,7,56,11.11,88.89
70,NR-AhR,91,76,4,72,5.26,94.74
70,NR-ER-LBD,91,79,1,78,1.27,98.73
70,SR-ATAD5,91,80,2,78,2.5,97.5
70,SR-p53,91,76,3,73,3.95,96.05
71,NR-AR,11,11,1,10,9.09,90.91
71,NR-Aromatase,11,6,0,6,0.0,100.0
71,NR-PPAR-gamma,11,8,0,8,0.0,100.0
71,SR-HSE,11,11,1,10,9.09,90.91
71,NR-AR-LBD,11,9,0,9,0.0,100.0
71,NR-ER,11,7,0,7,0.0,100.0
71,SR-ARE,11,8,0,8,0.0,100.0
71,SR-MMP,11,7,1,6,14.29,85.71
71,NR-AhR,11,11,3,8,27.27,72.73
71,NR-ER-LBD,11,11,1,10,9.09,90.91
71,SR-ATAD5,11,10,1,9,10.0,90.0
71,SR-p53,11,11,1,10,9.09,90.91
72,NR-AR,263,242,5,237,2.07,97.93
72,NR-Aromatase,263,187,16,171,8.56,91.44
72,NR-PPAR-gamma,263,202,5,197,2.48,97.52
72,SR-HSE,263,206,9,197,4.37,95.63
72,NR-AR-LBD,263,220,3,217,1.36,98.64
72,NR-ER,263,188,28,160,14.89,85.11
72,SR-ARE,263,176,25,151,14.2,85.8
72,SR-MMP,263,185,36,149,19.46,80.54
72,NR-AhR,263,219,44,175,20.09,79.91
72,NR-ER-LBD,263,229,16,213,6.99,93.01
72,SR-ATAD5,263,234,11,223,4.7,95.3
72,SR-p53,263,218,12,206,5.5,94.5
73,NR-AR,18,17,0,17,0.0,100.0
73,NR-Aromatase,18,14,2,12,14.29,85.71
73,NR-PPAR-gamma,18,15,1,14,6.67,93.33
73,SR-HSE,18,14,0,14,0.0,100.0
73,NR-AR-LBD,18,16,0,16,0.0,100.0
73,NR-ER,18,15,1,14,6.67,93.33
73,SR-ARE,18,14,1,13,7.14,92.86
73,SR-MMP,18,16,5,11,31.25,68.75
73,NR-AhR,18,17,2,15,11.76,88.24
73,NR-ER-LBD,18,17,2,15,11.76,88.24
73,SR-ATAD5,18,16,0,16,0.0,100.0
73,SR-p53,18,16,0,16,0.0,100.0
74,NR-AR,8,8,0,8,0.0,100.0
74,NR-Aromatase,8,6,0,6,0.0,100.0
74,NR-PPAR-gamma,8,6,0,6,0.0,100.0
74,SR-HSE,8,5,0,5,0.0,100.0
74,NR-AR-LBD,8,8,0,8,0.0,100.0
74,NR-ER,8,6,0,6,0.0,100.0
74,SR-ARE,8,3,0,3,0.0,100.0
74,SR-MMP,8,5,0,5,0.0,100.0
74,NR-AhR,8,8,1,7,12.5,87.5
74,NR-ER-LBD,8,8,0,8,0.0,100.0
74,SR-ATAD5,8,8,0,8,0.0,100.0
74,SR-p53,8,8,0,8,0.0,100.0
76,NR-AR,7,7,0,7,0.0,100.0
76,NR-Aromatase,7,7,0,7,0.0,100.0
76,NR-PPAR-gamma,7,5,0,5,0.0,100.0
76,SR-HSE,7,4,0,4,0.0,100.0
76,NR-AR-LBD,7,7,0,7,0.0,100.0
76,NR-ER,7,7,0,7,0.0,100.0
76,SR-ARE,7,4,1,3,25.0,75.0
76,SR-MMP,7,6,2,4,33.33,66.67
76,NR-AhR,7,7,1,6,14.29,85.71
76,NR-ER-LBD,7,7,0,7,0.0,100.0
76,SR-ATAD5,7,7,0,7,0.0,100.0
76,SR-p53,7,6,0,6,0.0,100.0
78,SR-HSE,1,1,0,1,0.0,100.0
78,SR-ARE,1,1,1,0,100.0,0.0
79,NR-AR,5,5,0,5,0.0,100.0
79,NR-Aromatase,5,4,0,4,0.0,100.0
79,NR-PPAR-gamma,5,5,0,5,0.0,100.0
79,SR-HSE,5,4,0,4,0.0,100.0
79,NR-AR-LBD,5,5,0,5,0.0,100.0
79,NR-ER,5,4,0,4,0.0,100.0
79,SR-ARE,5,3,0,3,0.0,100.0
79,SR-MMP,5,4,0,4,0.0,100.0
79,NR-AhR,5,5,0,5,0.0,100.0
79,NR-ER-LBD,5,5,0,5,0.0,100.0
79,SR-ATAD5,5,5,0,5,0.0,100.0
79,SR-p53,5,5,0,5,0.0,100.0
80,NR-AR,8,8,0,8,0.0,100.0
80,NR-Aromatase,8,7,1,6,14.29,85.71
80,NR-PPAR-gamma,8,8,0,8,0.0,100.0
80,SR-HSE,8,8,0,8,0.0,100.0
80,NR-AR-LBD,8,8,0,8,0.0,100.0
80,NR-ER,8,7,1,6,14.29,85.71
80,SR-ARE,8,8,0,8,0.0,100.0
80,SR-MMP,8,6,0,6,0.0,100.0
80,NR-AhR,8,8,1,7,12.5,87.5
80,NR-ER-LBD,8,7,1,6,14.29,85.71
80,SR-ATAD5,8,8,0,8,0.0,100.0
80,SR-p53,8,8,0,8,0.0,100.0
81,NR-AR,1,1,0,1,0.0,100.0
81,SR-HSE,1,1,1,0,100.0,0.0
81,NR-AR-LBD,1,1,0,1,0.0,100.0
81,NR-ER,1,1,0,1,0.0,100.0
81,SR-ARE,1,1,1,0,100.0,0.0
81,SR-MMP,1,1,0,1,0.0,100.0
81,NR-AhR,1,1,0,1,0.0,100.0
81,NR-ER-LBD,1,1,0,1,0.0,100.0
81,SR-ATAD5,1,1,0,1,0.0,100.0
82,NR-AR,2,2,0,2,0.0,100.0
82,NR-Aromatase,2,2,0,2,0.0,100.0
82,NR-PPAR-gamma,2,2,0,2,0.0,100.0
82,SR-HSE,2,2,0,2,0.0,100.0
82,NR-AR-LBD,2,2,0,2,0.0,100.0
82,NR-ER,2,2,0,2,0.0,100.0
82,SR-ARE,2,2,0,2,0.0,100.0
82,SR-MMP,2,2,0,2,0.0,100.0
82,NR-AhR,2,1,0,1,0.0,100.0
82,NR-ER-LBD,2,2,0,2,0.0,100.0
82,SR-ATAD5,2,2,0,2,0.0,100.0
82,SR-p53,2,2,0,2,0.0,100.0
83,NR-AR,1,1,0,1,0.0,100.0
83,NR-Aromatase,1,1,0,1,0.0,100.0
83,NR-PPAR-gamma,1,1,0,1,0.0,100.0
83,NR-AR-LBD,1,1,0,1,0.0,100.0
83,NR-ER,1,1,0,1,0.0,100.0
83,SR-MMP,1,1,1,0,100.0,0.0
83,NR-AhR,1,1,0,1,0.0,100.0
83,NR-ER-LBD,1,1,0,1,0.0,100.0
83,SR-ATAD5,1,1,0,1,0.0,100.0
83,SR-p53,1,1,0,1,0.0,100.0
84,NR-AR,10,9,0,9,0.0,100.0
84,NR-Aromatase,10,9,0,9,0.0,100.0
84,NR-PPAR-gamma,10,8,0,8,0.0,100.0
84,SR-HSE,10,7,0,7,0.0,100.0
84,NR-AR-LBD,10,9,0,9,0.0,100.0
84,NR-ER,10,8,0,8,0.0,100.0
84,SR-ARE,10,7,0,7,0.0,100.0
84,SR-MMP,10,8,0,8,0.0,100.0
84,NR-AhR,10,7,0,7,0.0,100.0
84,NR-ER-LBD,10,8,0,8,0.0,100.0
84,SR-ATAD5,10,9,0,9,0.0,100.0
84,SR-p53,10,9,1,8,11.11,88.89
85,NR-AR,5,5,0,5,0.0,100.0
85,NR-Aromatase,5,4,1,3,25.0,75.0
85,NR-PPAR-gamma,5,5,0,5,0.0,100.0
85,SR-HSE,5,5,0,5,0.0,100.0
85,NR-AR-LBD,5,5,1,4,20.0,80.0
85,NR-ER,5,4,1,3,25.0,75.0
85,SR-ARE,5,4,0,4,0.0,100.0
85,SR-MMP,5,3,0,3,0.0,100.0
85,NR-AhR,5,4,1,3,25.0,75.0
85,NR-ER-LBD,5,4,1,3,25.0,75.0
85,SR-ATAD5,5,5,0,5,0.0,100.0
85,SR-p53,5,5,0,5,0.0,100.0
86,NR-AR,1,1,0,1,0.0,100.0
86,NR-Aromatase,1,1,1,0,100.0,0.0
86,NR-PPAR-gamma,1,1,0,1,0.0,100.0
86,SR-HSE,1,1,1,0,100.0,0.0
86,NR-ER,1,1,0,1,0.0,100.0
86,SR-ARE,1,1,0,1,0.0,100.0
86,NR-AhR,1,1,1,0,100.0,0.0
86,SR-ATAD5,1,1,0,1,0.0,100.0
87,NR-AR,3,3,0,3,0.0,100.0
87,NR-Aromatase,3,3,1,2,33.33,66.67
87,NR-PPAR-gamma,3,3,0,3,0.0,100.0
87,SR-HSE,3,3,1,2,33.33,66.67
87,NR-AR-LBD,3,3,0,3,0.0,100.0
87,NR-ER,3,3,0,3,0.0,100.0
87,SR-ARE,3,2,0,2,0.0,100.0
87,SR-MMP,3,2,0,2,0.0,100.0
87,NR-AhR,3,2,1,1,50.0,50.0
87,NR-ER-LBD,3,3,0,3,0.0,100.0
87,SR-ATAD5,3,3,0,3,0.0,100.0
87,SR-p53,3,3,0,3,0.0,100.0
89,NR-AR,22,21,0,21,0.0,100.0
89,NR-Aromatase,22,19,1,18,5.26,94.74
89,NR-PPAR-gamma,22,19,0,19,0.0,100.0
89,SR-HSE,22,20,0,20,0.0,100.0
89,NR-AR-LBD,22,21,0,21,0.0,100.0
89,NR-ER,22,18,2,16,11.11,88.89
89,SR-ARE,22,15,0,15,0.0,100.0
89,SR-MMP,22,16,3,13,18.75,81.25
89,NR-AhR,22,19,2,17,10.53,89.47
89,NR-ER-LBD,22,22,1,21,4.55,95.45
89,SR-ATAD5,22,20,0,20,0.0,100.0
89,SR-p53,22,21,3,18,14.29,85.71
91,NR-AR,1,1,0,1,0.0,100.0
91,NR-Aromatase,1,1,0,1,0.0,100.0
91,NR-PPAR-gamma,1,1,0,1,0.0,100.0
91,NR-AR-LBD,1,1,0,1,0.0,100.0
91,NR-ER,1,1,1,0,100.0,0.0
91,SR-MMP,1,1,0,1,0.0,100.0
91,NR-AhR,1,1,0,1,0.0,100.0
91,NR-ER-LBD,1,1,0,1,0.0,100.0
91,SR-ATAD5,1,1,1,0,100.0,0.0
91,SR-p53,1,1,1,0,100.0,0.0
92,NR-AR,1,1,1,0,100.0,0.0
92,NR-Aromatase,1,1,0,1,0.0,100.0
92,NR-PPAR-gamma,1,1,0,1,0.0,100.0
92,NR-AR-LBD,1,1,0,1,0.0,100.0
92,NR-ER,1,1,0,1,0.0,100.0
92,SR-MMP,1,1,0,1,0.0,100.0
92,NR-AhR,1,1,0,1,0.0,100.0
92,NR-ER-LBD,1,1,0,1,0.0,100.0
92,SR-ATAD5,1,1,0,1,0.0,100.0
92,SR-p53,1,1,0,1,0.0,100.0
93,NR-AR,4,4,0,4,0.0,100.0
93,NR-Aromatase,4,3,0,3,0.0,100.0
93,NR-PPAR-gamma,4,3,1,2,33.33,66.67
93,SR-HSE,4,2,0,2,0.0,100.0
93,NR-AR-LBD,4,3,0,3,0.0,100.0
93,NR-ER,4,3,1,2,33.33,66.67
93,SR-ARE,4,2,1,1,50.0,50.0
93,SR-MMP,4,3,1,2,33.33,66.67
93,NR-AhR,4,3,0,3,0.0,100.0
93,NR-ER-LBD,4,2,0,2,0.0,100.0
93,SR-ATAD5,4,4,0,4,0.0,100.0
93,SR-p53,4,2,0,2,0.0,100.0
94,NR-AR,7,7,0,7,0.0,100.0
94,NR-Aromatase,7,7,0,7,0.0,100.0
94,NR-PPAR-gamma,7,7,0,7,0.0,100.0
94,SR-HSE,7,5,0,5,0.0,100.0
94,NR-AR-LBD,7,7,0,7,0.0,100.0
94,NR-ER,7,6,1,5,16.67,83.33
94,SR-ARE,7,4,1,3,25.0,75.0
94,SR-MMP,7,6,0,6,0.0,100.0
94,NR-AhR,7,7,0,7,0.0,100.0
94,NR-ER-LBD,7,7,1,6,14.29,85.71
94,SR-ATAD5,7,7,0,7,0.0,100.0
94,SR-p53,7,7,1,6,14.29,85.71
96,NR-AR,1,1,0,1,0.0,100.0
96,NR-PPAR-gamma,1,1,0,1,0.0,100.0
96,NR-AR-LBD,1,1,0,1,0.0,100.0
96,NR-ER,1,1,1,0,100.0,0.0
96,SR-MMP,1,1,1,0,100.0,0.0
96,NR-AhR,1,1,1,0,100.0,0.0
96,NR-ER-LBD,1,1,0,1,0.0,100.0
96,SR-ATAD5,1,1,1,0,100.0,0.0
96,SR-p53,1,1,1,0,100.0,0.0
97,NR-AR,4,4,0,4,0.0,100.0
97,NR-Aromatase,4,4,0,4,0.0,100.0
97,NR-PPAR-gamma,4,4,0,4,0.0,100.0
97,SR-HSE,4,4,0,4,0.0,100.0
97,NR-AR-LBD,4,4,0,4,0.0,100.0
97,NR-ER,4,3,0,3,0.0,100.0
97,SR-ARE,4,4,1,3,25.0,75.0
97,SR-MMP,4,4,0,4,0.0,100.0
97,NR-AhR,4,3,0,3,0.0,100.0
97,NR-ER-LBD,4,4,0,4,0.0,100.0
97,SR-ATAD5,4,4,0,4,0.0,100.0
97,SR-p53,4,4,0,4,0.0,100.0
98,NR-AR,4,4,0,4,0.0,100.0
98,NR-Aromatase,4,2,0,2,0.0,100.0
98,NR-PPAR-gamma,4,3,0,3,0.0,100.0
98,SR-HSE,4,3,1,2,33.33,66.67
98,NR-AR-LBD,4,4,0,4,0.0,100.0
98,NR-ER,4,3,0,3,0.0,100.0
98,SR-ARE,4,3,0,3,0.0,100.0
98,SR-MMP,4,3,0,3,0.0,100.0
98,NR-AhR,4,3,0,3,0.0,100.0
98,NR-ER-LBD,4,4,0,4,0.0,100.0
98,SR-ATAD5,4,3,0,3,0.0,100.0
98,SR-p53,4,3,0,3,0.0,100.0
99,NR-AR,2,2,0,2,0.0,100.0
99,NR-Aromatase,2,1,0,1,0.0,100.0
99,NR-PPAR-gamma,2,2,0,2,0.0,100.0
99,SR-HSE,2,1,0,1,0.0,100.0
99,NR-AR-LBD,2,2,0,2,0.0,100.0
99,NR-ER,2,1,0,1,0.0,100.0
99,SR-ARE,2,1,0,1,0.0,100.0
99,SR-MMP,2,2,1,1,50.0,50.0
99,NR-AhR,2,1,0,1,0.0,100.0
99,NR-ER-LBD,2,2,0,2,0.0,100.0
99,SR-ATAD5,2,2,0,2,0.0,100.0
99,SR-p53,2,2,1,1,50.0,50.0
100,NR-AR,8,7,1,6,14.29,85.71
100,NR-Aromatase,8,6,0,6,0.0,100.0
100,NR-PPAR-gamma,8,5,0,5,0.0,100.0
100,SR-HSE,8,4,0,4,0.0,100.0
100,NR-AR-LBD,8,7,1,6,14.29,85.71
100,NR-ER,8,7,2,5,28.57,71.43
100,SR-ARE,8,3,0,3,0.0,100.0
100,SR-MMP,8,6,0,6,0.0,100.0
100,NR-AhR,8,7,0,7,0.0,100.0
100,NR-ER-LBD,8,7,1,6,14.29,85.71
100,SR-ATAD5,8,7,0,7,0.0,100.0
100,SR-p53,8,7,1,6,14.29,85.71
101,NR-AR,8,6,0,6,0.0,100.0
101,NR-Aromatase,8,6,0,6,0.0,100.0
101,NR-PPAR-gamma,8,6,0,6,0.0,100.0
101,SR-HSE,8,7,0,7,0.0,100.0
101,NR-AR-LBD,8,6,0,6,0.0,100.0
101,NR-ER,8,6,0,6,0.0,100.0
101,SR-ARE,8,5,0,5,0.0,100.0
101,SR-MMP,8,6,0,6,0.0,100.0
101,NR-AhR,8,6,0,6,0.0,100.0
101,NR-ER-LBD,8,6,0,6,0.0,100.0
101,SR-ATAD5,8,6,0,6,0.0,100.0
101,SR-p53,8,6,1,5,16.67,83.33
102,NR-AR,2,2,0,2,0.0,100.0
102,NR-Aromatase,2,1,0,1,0.0,100.0
102,NR-PPAR-gamma,2,1,0,1,0.0,100.0
102,SR-HSE,2,1,0,1,0.0,100.0
102,NR-AR-LBD,2,1,0,1,0.0,100.0
102,NR-ER,2,2,1,1,50.0,50.0
102,SR-ARE,2,2,0,2,0.0,100.0
102,SR-MMP,2,2,1,1,50.0,50.0
102,NR-AhR,2,2,0,2,0.0,100.0
102,NR-ER-LBD,2,2,1,1,50.0,50.0
102,SR-ATAD5,2,2,0,2,0.0,100.0
102,SR-p53,2,1,0,1,0.0,100.0
103,NR-AR,7,7,0,7,0.0,100.0
103,NR-Aromatase,7,6,0,6,0.0,100.0
103,NR-PPAR-gamma,7,6,0,6,0.0,100.0
103,SR-HSE,7,6,0,6,0.0,100.0
103,NR-AR-LBD,7,7,0,7,0.0,100.0
103,NR-ER,7,6,0,6,0.0,100.0
103,SR-ARE,7,6,0,6,0.0,100.0
103,SR-MMP,7,6,0,6,0.0,100.0
103,NR-AhR,7,6,0,6,0.0,100.0
103,NR-ER-LBD,7,6,0,6,0.0,100.0
103,SR-ATAD5,7,6,0,6,0.0,100.0
103,SR-p53,7,7,1,6,14.29,85.71
104,NR-AR,2,2,0,2,0.0,100.0
104,NR-Aromatase,2,1,0,1,0.0,100.0
104,NR-PPAR-gamma,2,2,0,2,0.0,100.0
104,SR-HSE,2,2,0,2,0.0,100.0
104,NR-AR-LBD,2,2,0,2,0.0,100.0
104,NR-ER,2,1,0,1,0.0,100.0
104,SR-ARE,2,2,0,2,0.0,100.0
104,SR-MMP,2,1,0,1,0.0,100.0
104,NR-AhR,2,2,0,2,0.0,100.0
104,NR-ER-LBD,2,2,0,2,0.0,100.0
104,SR-ATAD5,2,2,0,2,0.0,100.0
104,SR-p53,2,1,0,1,0.0,100.0
105,NR-AR,7,6,1,5,16.67,83.33
105,NR-Aromatase,7,4,0,4,0.0,100.0
105,NR-PPAR-gamma,7,5,1,4,20.0,80.0
105,SR-HSE,7,5,0,5,0.0,100.0
105,NR-AR-LBD,7,5,1,4,20.0,80.0
105,NR-ER,7,4,0,4,0.0,100.0
105,SR-ARE,7,6,0,6,0.0,100.0
105,SR-MMP,7,4,0,4,0.0,100.0
105,NR-AhR,7,5,0,5,0.0,100.0
105,NR-ER-LBD,7,6,0,6,0.0,100.0
105,SR-ATAD5,7,5,0,5,0.0,100.0
105,SR-p53,7,5,0,5,0.0,100.0
106,NR-AR,3,3,0,3,0.0,100.0
106,NR-Aromatase,3,2,0,2,0.0,100.0
106,NR-PPAR-gamma,3,2,0,2,0.0,100.0
106,SR-HSE,3,1,0,1,0.0,100.0
106,NR-AR-LBD,3,2,0,2,0.0,100.0
106,NR-ER,3,2,0,2,0.0,100.0
106,SR-ARE,3,1,0,1,0.0,100.0
106,SR-MMP,3,2,0,2,0.0,100.0
106,NR-AhR,3,1,0,1,0.0,100.0
106,NR-ER-LBD,3,3,0,3,0.0,100.0
106,SR-ATAD5,3,3,0,3,0.0,100.0
106,SR-p53,3,2,0,2,0.0,100.0
107,NR-AR,8,8,0,8,0.0,100.0
107,NR-Aromatase,8,6,0,6,0.0,100.0
107,NR-PPAR-gamma,8,8,0,8,0.0,100.0
107,SR-HSE,8,5,0,5,0.0,100.0
107,NR-AR-LBD,8,7,0,7,0.0,100.0
107,NR-ER,8,6,2,4,33.33,66.67
107,SR-ARE,8,3,0,3,0.0,100.0
107,SR-MMP,8,6,0,6,0.0,100.0
107,NR-AhR,8,7,1,6,14.29,85.71
107,NR-ER-LBD,8,8,0,8,0.0,100.0
107,SR-ATAD5,8,8,1,7,12.5,87.5
107,SR-p53,8,7,0,7,0.0,100.0
108,NR-AR,3,1,0,1,0.0,100.0
108,NR-Aromatase,3,1,0,1,0.0,100.0
108,SR-HSE,3,2,0,2,0.0,100.0
108,NR-ER,3,1,0,1,0.0,100.0
108,SR-ARE,3,1,0,1,0.0,100.0
108,SR-MMP,3,1,0,1,0.0,100.0
108,NR-AhR,3,1,0,1,0.0,100.0
108,NR-ER-LBD,3,1,0,1,0.0,100.0
108,SR-ATAD5,3,1,0,1,0.0,100.0
109,NR-AR,2,2,0,2,0.0,100.0
109,NR-Aromatase,2,2,1,1,50.0,50.0
109,NR-PPAR-gamma,2,1,0,1,0.0,100.0
109,SR-HSE,2,1,0,1,0.0,100.0
109,NR-AR-LBD,2,2,0,2,0.0,100.0
109,SR-ARE,2,1,0,1,0.0,100.0
109,SR-MMP,2,2,0,2,0.0,100.0
109,NR-AhR,2,2,1,1,50.0,50.0
109,NR-ER-LBD,2,2,0,2,0.0,100.0
109,SR-p53,2,2,0,2,0.0,100.0
110,NR-AR,5,5,0,5,0.0,100.0
110,NR-Aromatase,5,3,0,3,0.0,100.0
110,NR-PPAR-gamma,5,2,0,2,0.0,100.0
110,SR-HSE,5,4,1,3,25.0,75.0
110,NR-AR-LBD,5,4,0,4,0.0,100.0
110,NR-ER,5,4,0,4,0.0,100.0
110,SR-ARE,5,4,1,3,25.0,75.0
110,SR-MMP,5,4,1,3,25.0,75.0
110,NR-AhR,5,5,0,5,0.0,100.0
110,NR-ER-LBD,5,4,0,4,0.0,100.0
110,SR-ATAD5,5,4,0,4,0.0,100.0
110,SR-p53,5,3,0,3,0.0,100.0
111,NR-AR,15,15,0,15,0.0,100.0
111,NR-Aromatase,15,7,1,6,14.29,85.71
111,NR-PPAR-gamma,15,9,0,9,0.0,100.0
111,SR-HSE,15,9,1,8,11.11,88.89
111,NR-AR-LBD,15,12,1,11,8.33,91.67
111,NR-ER,15,11,4,7,36.36,63.64
111,SR-ARE,15,8,3,5,37.5,62.5
111,SR-MMP,15,9,4,5,44.44,55.56
111,NR-AhR,15,12,5,7,41.67,58.33
111,NR-ER-LBD,15,13,1,12,7.69,92.31
111,SR-ATAD5,15,15,3,12,20.0,80.0
111,SR-p53,15,12,4,8,33.33,66.67
112,NR-AR,2,2,0,2,0.0,100.0
112,NR-Aromatase,2,1,0,1,0.0,100.0
112,NR-PPAR-gamma,2,2,0,2,0.0,100.0
112,SR-HSE,2,1,0,1,0.0,100.0
112,NR-AR-LBD,2,2,0,2,0.0,100.0
112,NR-ER,2,1,0,1,0.0,100.0
112,SR-ARE,2,1,0,1,0.0,100.0
112,SR-MMP,2,1,0,1,0.0,100.0
112,NR-AhR,2,1,0,1,0.0,100.0
112,NR-ER-LBD,2,2,0,2,0.0,100.0
112,SR-ATAD5,2,2,1,1,50.0,50.0
112,SR-p53,2,2,0,2,0.0,100.0
113,NR-AR,1,1,0,1,0.0,100.0
113,NR-PPAR-gamma,1,1,0,1,0.0,100.0
113,NR-AR-LBD,1,1,0,1,0.0,100.0
113,NR-ER,1,1,0,1,0.0,100.0
113,SR-ARE,1,1,0,1,0.0,100.0
113,NR-AhR,1,1,0,1,0.0,100.0
113,NR-ER-LBD,1,1,0,1,0.0,100.0
113,SR-ATAD5,1,1,0,1,0.0,100.0
114,NR-AR,4,4,0,4,0.0,100.0
114,NR-Aromatase,4,3,0,3,0.0,100.0
114,NR-PPAR-gamma,4,1,0,1,0.0,100.0
114,SR-HSE,4,3,1,2,33.33,66.67
114,NR-AR-LBD,4,4,0,4,0.0,100.0
114,NR-ER,4,4,1,3,25.0,75.0
114,SR-ARE,4,3,0,3,0.0,100.0
114,SR-MMP,4,2,1,1,50.0,50.0
114,NR-AhR,4,3,0,3,0.0,100.0
114,NR-ER-LBD,4,4,0,4,0.0,100.0
114,SR-ATAD5,4,3,0,3,0.0,100.0
114,SR-p53,4,3,0,3,0.0,100.0
116,NR-AR,5,5,1,4,20.0,80.0
116,NR-Aromatase,5,5,1,4,20.0,80.0
116,NR-PPAR-gamma,5,5,0,5,0.0,100.0
116,SR-HSE,5,4,0,4,0.0,100.0
116,NR-AR-LBD,5,5,0,5,0.0,100.0
116,NR-ER,5,5,1,4,20.0,80.0
116,SR-ARE,5,4,0,4,0.0,100.0
116,SR-MMP,5,4,0,4,0.0,100.0
116,NR-AhR,5,5,1,4,20.0,80.0
116,NR-ER-LBD,5,5,1,4,20.0,80.0
116,SR-ATAD5,5,5,0,5,0.0,100.0
116,SR-p53,5,5,0,5,0.0,100.0
117,NR-AR,1,1,0,1,0.0,100.0
117,NR-Aromatase,1,1,0,1,0.0,100.0
117,NR-PPAR-gamma,1,1,0,1,0.0,100.0
117,SR-HSE,1,1,0,1,0.0,100.0
117,NR-AR-LBD,1,1,0,1,0.0,100.0
117,NR-ER,1,1,0,1,0.0,100.0
117,SR-ARE,1,1,0,1,0.0,100.0
117,NR-AhR,1,1,0,1,0.0,100.0
117,NR-ER-LBD,1,1,0,1,0.0,100.0
117,SR-ATAD5,1,1,0,1,0.0,100.0
117,SR-p53,1,1,0,1,0.0,100.0
119,NR-AR,6,6,0,6,0.0,100.0
119,NR-Aromatase,6,5,2,3,40.0,60.0
119,NR-PPAR-gamma,6,3,0,3,0.0,100.0
119,SR-HSE,6,5,2,3,40.0,60.0
119,NR-AR-LBD,6,4,0,4,0.0,100.0
119,NR-ER,6,3,1,2,33.33,66.67
119,SR-ARE,6,5,0,5,0.0,100.0
119,SR-MMP,6,5,2,3,40.0,60.0
119,NR-AhR,6,5,0,5,0.0,100.0
119,NR-ER-LBD,6,4,1,3,25.0,75.0
119,SR-ATAD5,6,5,0,5,0.0,100.0
119,SR-p53,6,5,2,3,40.0,60.0
120,NR-AR,1,1,0,1,0.0,100.0
120,NR-Aromatase,1,1,0,1,0.0,100.0
120,NR-PPAR-gamma,1,1,0,1,0.0,100.0
120,SR-HSE,1,1,0,1,0.0,100.0
120,NR-AR-LBD,1,1,0,1,0.0,100.0
120,NR-ER,1,1,0,1,0.0,100.0
120,SR-ARE,1,1,0,1,0.0,100.0
120,SR-MMP,1,1,0,1,0.0,100.0
120,NR-AhR,1,1,0,1,0.0,100.0
120,NR-ER-LBD,1,1,0,1,0.0,100.0
120,SR-ATAD5,1,1,0,1,0.0,100.0
120,SR-p53,1,1,0,1,0.0,100.0
122,NR-AR,1,1,0,1,0.0,100.0
122,NR-Aromatase,1,1,0,1,0.0,100.0
122,NR-PPAR-gamma,1,1,0,1,0.0,100.0
122,SR-HSE,1,1,0,1,0.0,100.0
122,NR-AR-LBD,1,1,0,1,0.0,100.0
122,NR-ER,1,1,0,1,0.0,100.0
122,SR-ARE,1,1,0,1,0.0,100.0
122,NR-AhR,1,1,0,1,0.0,100.0
122,NR-ER-LBD,1,1,0,1,0.0,100.0
122,SR-ATAD5,1,1,0,1,0.0,100.0
122,SR-p53,1,1,1,0,100.0,0.0
123,NR-AR,3,3,0,3,0.0,100.0
123,NR-Aromatase,3,3,0,3,0.0,100.0
123,NR-PPAR-gamma,3,3,0,3,0.0,100.0
123,SR-HSE,3,2,0,2,0.0,100.0
123,NR-AR-LBD,3,2,0,2,0.0,100.0
123,NR-ER,3,3,0,3,0.0,100.0
123,SR-ARE,3,2,0,2,0.0,100.0
123,SR-MMP,3,3,1,2,33.33,66.67
123,NR-AhR,3,3,0,3,0.0,100.0
123,NR-ER-LBD,3,3,0,3,0.0,100.0
123,SR-ATAD5,3,3,0,3,0.0,100.0
123,SR-p53,3,3,0,3,0.0,100.0
124,NR-AR,1,1,0,1,0.0,100.0
124,NR-Aromatase,1,1,0,1,0.0,100.0
124,NR-PPAR-gamma,1,1,0,1,0.0,100.0
124,SR-HSE,1,1,0,1,0.0,100.0
124,NR-AR-LBD,1,1,0,1,0.0,100.0
124,NR-ER,1,1,0,1,0.0,100.0
124,SR-ARE,1,1,0,1,0.0,100.0
124,SR-MMP,1,1,1,0,100.0,0.0
124,NR-ER-LBD,1,1,0,1,0.0,100.0
124,SR-ATAD5,1,1,0,1,0.0,100.0
124,SR-p53,1,1,0,1,0.0,100.0
125,NR-AR,2,2,0,2,0.0,100.0
125,NR-Aromatase,2,2,1,1,50.0,50.0
125,NR-PPAR-gamma,2,2,1,1,50.0,50.0
125,NR-AR-LBD,2,2,1,1,50.0,50.0
125,NR-ER,2,2,0,2,0.0,100.0
125,SR-MMP,2,1,0,1,0.0,100.0
125,NR-AhR,2,2,0,2,0.0,100.0
125,NR-ER-LBD,2,1,0,1,0.0,100.0
125,SR-ATAD5,2,2,0,2,0.0,100.0
125,SR-p53,2,2,1,1,50.0,50.0
126,NR-AR,1,1,0,1,0.0,100.0
126,NR-Aromatase,1,1,1,0,100.0,0.0
126,SR-HSE,1,1,0,1,0.0,100.0
126,NR-AR-LBD,1,1,0,1,0.0,100.0
126,SR-ARE,1,1,0,1,0.0,100.0
126,SR-MMP,1,1,1,0,100.0,0.0
126,NR-AhR,1,1,1,0,100.0,0.0
126,NR-ER-LBD,1,1,1,0,100.0,0.0
126,SR-ATAD5,1,1,0,1,0.0,100.0
126,SR-p53,1,1,0,1,0.0,100.0
127,NR-AR,2,2,0,2,0.0,100.0
127,NR-Aromatase,2,2,0,2,0.0,100.0
127,NR-PPAR-gamma,2,2,0,2,0.0,100.0
127,SR-HSE,2,1,0,1,0.0,100.0
127,NR-AR-LBD,2,2,0,2,0.0,100.0
127,NR-ER,2,2,0,2,0.0,100.0
127,SR-ARE,2,1,0,1,0.0,100.0
127,SR-MMP,2,1,0,1,0.0,100.0
127,NR-AhR,2,2,0,2,0.0,100.0
127,NR-ER-LBD,2,2,0,2,0.0,100.0
127,SR-ATAD5,2,2,0,2,0.0,100.0
127,SR-p53,2,2,0,2,0.0,100.0
128,NR-AR,5,4,0,4,0.0,100.0
128,NR-Aromatase,5,4,0,4,0.0,100.0
128,NR-PPAR-gamma,5,4,0,4,0.0,100.0
128,SR-HSE,5,5,0,5,0.0,100.0
128,NR-AR-LBD,5,4,1,3,25.0,75.0
128,NR-ER,5,4,2,2,50.0,50.0
128,SR-ARE,5,4,0,4,0.0,100.0
128,SR-MMP,5,5,1,4,20.0,80.0
128,NR-AhR,5,5,0,5,0.0,100.0
128,NR-ER-LBD,5,4,2,2,50.0,50.0
128,SR-ATAD5,5,4,0,4,0.0,100.0
128,SR-p53,5,5,0,5,0.0,100.0
129,NR-AR,1,1,0,1,0.0,100.0
129,NR-Aromatase,1,1,0,1,0.0,100.0
129,NR-PPAR-gamma,1,1,0,1,0.0,100.0
129,SR-HSE,1,1,0,1,0.0,100.0
129,NR-AR-LBD,1,1,0,1,0.0,100.0
129,NR-ER,1,1,1,0,100.0,0.0
129,SR-ARE,1,1,0,1,0.0,100.0
129,SR-MMP,1,1,0,1,0.0,100.0
129,NR-AhR,1,1,0,1,0.0,100.0
129,NR-ER-LBD,1,1,0,1,0.0,100.0
129,SR-ATAD5,1,1,0,1,0.0,100.0
129,SR-p53,1,1,0,1,0.0,100.0
130,NR-AR,2,2,1,1,50.0,50.0
130,NR-Aromatase,2,1,0,1,0.0,100.0
130,NR-PPAR-gamma,2,1,0,1,0.0,100.0
130,NR-AR-LBD,2,1,1,0,100.0,0.0
130,NR-ER,2,1,0,1,0.0,100.0
130,NR-AhR,2,1,0,1,0.0,100.0
130,NR-ER-LBD,2,2,0,2,0.0,100.0
130,SR-ATAD5,2,2,0,2,0.0,100.0
130,SR-p53,2,1,0,1,0.0,100.0
131,NR-AR,9,7,0,7,0.0,100.0
131,NR-Aromatase,9,7,0,7,0.0,100.0
131,NR-PPAR-gamma,9,7,0,7,0.0,100.0
131,SR-HSE,9,6,1,5,16.67,83.33
131,NR-AR-LBD,9,7,0,7,0.0,100.0
131,NR-ER,9,7,1,6,14.29,85.71
131,SR-ARE,9,3,0,3,0.0,100.0
131,SR-MMP,9,3,0,3,0.0,100.0
131,NR-AhR,9,7,0,7,0.0,100.0
131,NR-ER-LBD,9,7,0,7,0.0,100.0
131,SR-ATAD5,9,7,0,7,0.0,100.0
131,SR-p53,9,7,1,6,14.29,85.71
132,NR-AR,7,7,0,7,0.0,100.0
132,NR-Aromatase,7,4,0,4,0.0,100.0
132,NR-PPAR-gamma,7,5,1,4,20.0,80.0
132,SR-HSE,7,4,1,3,25.0,75.0
132,NR-AR-LBD,7,6,0,6,0.0,100.0
132,NR-ER,7,5,0,5,0.0,100.0
132,SR-ARE,7,3,1,2,33.33,66.67
132,SR-MMP,7,5,1,4,20.0,80.0
132,NR-AhR,7,6,0,6,0.0,100.0
132,NR-ER-LBD,7,5,0,5,0.0,100.0
132,SR-ATAD5,7,7,2,5,28.57,71.43
132,SR-p53,7,7,3,4,42.86,57.14
134,NR-AR,17,15,0,15,0.0,100.0
134,NR-Aromatase,17,8,1,7,12.5,87.5
134,NR-PPAR-gamma,17,11,0,11,0.0,100.0
134,SR-HSE,17,10,0,10,0.0,100.0
134,NR-AR-LBD,17,12,0,12,0.0,100.0
134,NR-ER,17,13,5,8,38.46,61.54
134,SR-ARE,17,8,0,8,0.0,100.0
134,SR-MMP,17,9,2,7,22.22,77.78
134,NR-AhR,17,12,3,9,25.0,75.0
134,NR-ER-LBD,17,13,1,12,7.69,92.31
134,SR-ATAD5,17,13,1,12,7.69,92.31
134,SR-p53,17,11,3,8,27.27,72.73
135,NR-AR,3,3,0,3,0.0,100.0
135,NR-Aromatase,3,3,0,3,0.0,100.0
135,NR-PPAR-gamma,3,3,1,2,33.33,66.67
135,SR-HSE,3,3,0,3,0.0,100.0
135,NR-AR-LBD,3,3,0,3,0.0,100.0
135,NR-ER,3,3,0,3,0.0,100.0
135,SR-ARE,3,2,1,1,50.0,50.0
135,SR-MMP,3,1,0,1,0.0,100.0
135,NR-AhR,3,3,0,3,0.0,100.0
135,NR-ER-LBD,3,3,0,3,0.0,100.0
135,SR-ATAD5,3,3,0,3,0.0,100.0
135,SR-p53,3,3,0,3,0.0,100.0
136,NR-AR,2,2,0,2,0.0,100.0
136,NR-Aromatase,2,2,0,2,0.0,100.0
136,NR-PPAR-gamma,2,2,0,2,0.0,100.0
136,SR-HSE,2,2,0,2,0.0,100.0
136,NR-AR-LBD,2,2,0,2,0.0,100.0
136,NR-ER,2,2,0,2,0.0,100.0
136,SR-ARE,2,2,0,2,0.0,100.0
136,SR-MMP,2,2,0,2,0.0,100.0
136,NR-AhR,2,1,0,1,0.0,100.0
136,NR-ER-LBD,2,2,0,2,0.0,100.0
136,SR-ATAD5,2,2,0,2,0.0,100.0
136,SR-p53,2,2,0,2,0.0,100.0
137,NR-AR,1,1,0,1,0.0,100.0
137,NR-Aromatase,1,1,0,1,0.0,100.0
137,NR-PPAR-gamma,1,1,0,1,0.0,100.0
137,SR-HSE,1,1,0,1,0.0,100.0
137,NR-ER,1,1,0,1,0.0,100.0
137,SR-MMP,1,1,0,1,0.0,100.0
137,NR-AhR,1,1,0,1,0.0,100.0
137,NR-ER-LBD,1,1,0,1,0.0,100.0
137,SR-ATAD5,1,1,0,1,0.0,100.0
137,SR-p53,1,1,0,1,0.0,100.0
138,NR-AR,16,15,0,15,0.0,100.0
138,NR-Aromatase,16,15,0,15,0.0,100.0
138,NR-PPAR-gamma,16,15,0,15,0.0,100.0
138,SR-HSE,16,12,1,11,8.33,91.67
138,NR-AR-LBD,16,15,0,15,0.0,100.0
138,NR-ER,16,14,0,14,0.0,100.0
138,SR-ARE,16,10,1,9,10.0,90.0
138,SR-MMP,16,10,0,10,0.0,100.0
138,NR-AhR,16,15,1,14,6.67,93.33
138,NR-ER-LBD,16,14,0,14,0.0,100.0
138,SR-ATAD5,16,15,1,14,6.67,93.33
138,SR-p53,16,14,0,14,0.0,100.0
139,NR-AR,60,59,1,58,1.69,98.31
139,NR-Aromatase,60,46,6,40,13.04,86.96
139,NR-PPAR-gamma,60,56,0,56,0.0,100.0
139,SR-HSE,60,51,4,47,7.84,92.16
139,NR-AR-LBD,60,57,0,57,0.0,100.0
139,NR-ER,60,47,7,40,14.89,85.11
139,SR-ARE,60,45,11,34,24.44,75.56
139,SR-MMP,60,44,8,36,18.18,81.82
139,NR-AhR,60,52,18,34,34.62,65.38
139,NR-ER-LBD,60,53,3,50,5.66,94.34
139,SR-ATAD5,60,57,5,52,8.77,91.23
139,SR-p53,60,54,3,51,5.56,94.44
141,NR-AR,2,2,0,2,0.0,100.0
141,NR-Aromatase,2,1,0,1,0.0,100.0
141,NR-PPAR-gamma,2,1,0,1,0.0,100.0
141,SR-HSE,2,1,0,1,0.0,100.0
141,NR-AR-LBD,2,1,0,1,0.0,100.0
141,NR-ER,2,1,0,1,0.0,100.0
141,SR-ARE,2,1,0,1,0.0,100.0
141,SR-MMP,2,1,0,1,0.0,100.0
141,NR-AhR,2,2,0,2,0.0,100.0
141,NR-ER-LBD,2,1,0,1,0.0,100.0
141,SR-ATAD5,2,2,0,2,0.0,100.0
141,SR-p53,2,1,0,1,0.0,100.0
142,NR-AR,12,11,1,10,9.09,90.91
142,NR-Aromatase,12,7,0,7,0.0,100.0
142,NR-PPAR-gamma,12,10,0,10,0.0,100.0
142,SR-HSE,12,11,1,10,9.09,90.91
142,NR-AR-LBD,12,10,0,10,0.0,100.0
142,NR-ER,12,11,0,11,0.0,100.0
142,SR-ARE,12,11,1,10,9.09,90.91
142,SR-MMP,12,10,1,9,10.0,90.0
142,NR-AhR,12,9,1,8,11.11,88.89
142,NR-ER-LBD,12,11,0,11,0.0,100.0
142,SR-ATAD5,12,11,0,11,0.0,100.0
142,SR-p53,12,11,0,11,0.0,100.0
143,NR-AR,2,2,0,2,0.0,100.0
143,NR-Aromatase,2,2,0,2,0.0,100.0
143,NR-PPAR-gamma,2,2,0,2,0.0,100.0
143,SR-HSE,2,1,0,1,0.0,100.0
143,NR-AR-LBD,2,2,0,2,0.0,100.0
143,NR-ER,2,2,0,2,0.0,100.0
143,SR-ARE,2,1,0,1,0.0,100.0
143,SR-MMP,2,2,0,2,0.0,100.0
143,NR-AhR,2,2,0,2,0.0,100.0
143,NR-ER-LBD,2,2,0,2,0.0,100.0
143,SR-ATAD5,2,2,0,2,0.0,100.0
143,SR-p53,2,2,0,2,0.0,100.0
145,NR-AR,2,2,0,2,0.0,100.0
145,NR-Aromatase,2,1,0,1,0.0,100.0
145,NR-PPAR-gamma,2,1,0,1,0.0,100.0
145,SR-HSE,2,1,0,1,0.0,100.0
145,NR-AR-LBD,2,2,0,2,0.0,100.0
145,NR-ER,2,2,0,2,0.0,100.0
145,SR-ARE,2,1,1,0,100.0,0.0
145,SR-MMP,2,2,0,2,0.0,100.0
145,NR-AhR,2,2,0,2,0.0,100.0
145,NR-ER-LBD,2,2,0,2,0.0,100.0
145,SR-ATAD5,2,2,0,2,0.0,100.0
145,SR-p53,2,2,1,1,50.0,50.0
147,NR-AR,1,1,0,1,0.0,100.0
147,NR-Aromatase,1,1,0,1,0.0,100.0
147,NR-PPAR-gamma,1,1,0,1,0.0,100.0
147,NR-AR-LBD,1,1,0,1,0.0,100.0
147,NR-ER,1,1,0,1,0.0,100.0
147,SR-MMP,1,1,0,1,0.0,100.0
147,NR-AhR,1,1,0,1,0.0,100.0
147,NR-ER-LBD,1,1,0,1,0.0,100.0
147,SR-ATAD5,1,1,0,1,0.0,100.0
147,SR-p53,1,1,0,1,0.0,100.0
148,NR-AR,2,2,0,2,0.0,100.0
148,NR-Aromatase,2,1,0,1,0.0,100.0
148,NR-PPAR-gamma,2,2,0,2,0.0,100.0
148,SR-HSE,2,2,0,2,0.0,100.0
148,NR-AR-LBD,2,2,0,2,0.0,100.0
148,NR-ER,2,1,1,0,100.0,0.0
148,SR-ARE,2,2,1,1,50.0,50.0
148,SR-MMP,2,1,1,0,100.0,0.0
148,NR-AhR,2,2,1,1,50.0,50.0
148,NR-ER-LBD,2,2,0,2,0.0,100.0
148,SR-ATAD5,2,2,0,2,0.0,100.0
148,SR-p53,2,2,1,1,50.0,50.0
149,NR-AR,8,8,0,8,0.0,100.0
149,NR-Aromatase,8,5,0,5,0.0,100.0
149,NR-PPAR-gamma,8,7,0,7,0.0,100.0
149,SR-HSE,8,7,0,7,0.0,100.0
149,NR-AR-LBD,8,7,0,7,0.0,100.0
149,NR-ER,8,6,0,6,0.0,100.0
149,SR-ARE,8,7,0,7,0.0,100.0
149,SR-MMP,8,8,1,7,12.5,87.5
149,NR-AhR,8,8,2,6,25.0,75.0
149,NR-ER-LBD,8,8,0,8,0.0,100.0
149,SR-ATAD5,8,7,0,7,0.0,100.0
149,SR-p53,8,8,0,8,0.0,100.0
150,NR-AR,12,10,0,10,0.0,100.0
150,NR-Aromatase,12,8,0,8,0.0,100.0
150,NR-PPAR-gamma,12,9,0,9,0.0,100.0
150,SR-HSE,12,10,3,7,30.0,70.0
150,NR-AR-LBD,12,9,0,9,0.0,100.0
150,NR-ER,12,9,0,9,0.0,100.0
150,SR-ARE,12,9,1,8,11.11,88.89
150,SR-MMP,12,8,0,8,0.0,100.0
150,NR-AhR,12,8,0,8,0.0,100.0
150,NR-ER-LBD,12,9,0,9,0.0,100.0
150,SR-ATAD5,12,8,0,8,0.0,100.0
150,SR-p53,12,8,0,8,0.0,100.0
151,NR-AR,3,3,0,3,0.0,100.0
151,NR-Aromatase,3,3,1,2,33.33,66.67
151,NR-PPAR-gamma,3,2,0,2,0.0,100.0
151,SR-HSE,3,2,0,2,0.0,100.0
151,NR-AR-LBD,3,2,0,2,0.0,100.0
151,NR-ER,3,2,0,2,0.0,100.0
151,SR-ARE,3,2,0,2,0.0,100.0
151,SR-MMP,3,3,0,3,0.0,100.0
151,NR-AhR,3,3,1,2,33.33,66.67
151,NR-ER-LBD,3,3,0,3,0.0,100.0
151,SR-ATAD5,3,2,0,2,0.0,100.0
151,SR-p53,3,2,0,2,0.0,100.0
152,NR-AR,10,10,0,10,0.0,100.0
152,NR-Aromatase,10,7,0,7,0.0,100.0
152,NR-PPAR-gamma,10,7,0,7,0.0,100.0
152,SR-HSE,10,8,0,8,0.0,100.0
152,NR-AR-LBD,10,10,0,10,0.0,100.0
152,NR-ER,10,8,1,7,12.5,87.5
152,SR-ARE,10,7,3,4,42.86,57.14
152,SR-MMP,10,6,0,6,0.0,100.0
152,NR-AhR,10,7,2,5,28.57,71.43
152,NR-ER-LBD,10,10,0,10,0.0,100.0
152,SR-ATAD5,10,9,0,9,0.0,100.0
152,SR-p53,10,10,0,10,0.0,100.0
153,NR-AR,11,9,0,9,0.0,100.0
153,NR-Aromatase,11,8,2,6,25.0,75.0
153,NR-PPAR-gamma,11,7,0,7,0.0,100.0
153,SR-HSE,11,10,0,10,0.0,100.0
153,NR-AR-LBD,11,8,1,7,12.5,87.5
153,NR-ER,11,8,1,7,12.5,87.5
153,SR-ARE,11,7,1,6,14.29,85.71
153,SR-MMP,11,6,1,5,16.67,83.33
153,NR-AhR,11,8,2,6,25.0,75.0
153,NR-ER-LBD,11,9,1,8,11.11,88.89
153,SR-ATAD5,11,9,1,8,11.11,88.89
153,SR-p53,11,9,2,7,22.22,77.78
154,NR-AR,9,9,0,9,0.0,100.0
154,NR-Aromatase,9,5,0,5,0.0,100.0
154,NR-PPAR-gamma,9,7,0,7,0.0,100.0
154,SR-HSE,9,5,2,3,40.0,60.0
154,NR-AR-LBD,9,7,0,7,0.0,100.0
154,NR-ER,9,6,2,4,33.33,66.67
154,SR-ARE,9,5,2,3,40.0,60.0
154,SR-MMP,9,7,1,6,14.29,85.71
154,NR-AhR,9,8,0,8,0.0,100.0
154,NR-ER-LBD,9,9,0,9,0.0,100.0
154,SR-ATAD5,9,8,2,6,25.0,75.0
154,SR-p53,9,8,3,5,37.5,62.5
155,NR-AR,9,8,1,7,12.5,87.5
155,NR-Aromatase,9,7,3,4,42.86,57.14
155,NR-PPAR-gamma,9,7,1,6,14.29,85.71
155,SR-HSE,9,6,1,5,16.67,83.33
155,NR-AR-LBD,9,7,1,6,14.29,85.71
155,NR-ER,9,7,2,5,28.57,71.43
155,SR-ARE,9,4,2,2,50.0,50.0
155,SR-MMP,9,8,1,7,12.5,87.5
155,NR-AhR,9,9,0,9,0.0,100.0
155,NR-ER-LBD,9,5,0,5,0.0,100.0
155,SR-ATAD5,9,7,0,7,0.0,100.0
155,SR-p53,9,8,1,7,12.5,87.5
156,NR-AR,2,2,0,2,0.0,100.0
156,NR-Aromatase,2,2,1,1,50.0,50.0
156,NR-PPAR-gamma,2,2,0,2,0.0,100.0
156,SR-HSE,2,2,0,2,0.0,100.0
156,NR-AR-LBD,2,2,0,2,0.0,100.0
156,NR-ER,2,2,0,2,0.0,100.0
156,SR-ARE,2,1,0,1,0.0,100.0
156,SR-MMP,2,2,0,2,0.0,100.0
156,NR-AhR,2,2,0,2,0.0,100.0
156,NR-ER-LBD,2,1,0,1,0.0,100.0
156,SR-ATAD5,2,2,0,2,0.0,100.0
156,SR-p53,2,2,1,1,50.0,50.0
157,NR-AR,2,2,0,2,0.0,100.0
157,NR-Aromatase,2,2,0,2,0.0,100.0
157,NR-PPAR-gamma,2,2,0,2,0.0,100.0
157,SR-HSE,2,2,0,2,0.0,100.0
157,NR-AR-LBD,2,2,0,2,0.0,100.0
157,NR-ER,2,2,0,2,0.0,100.0
157,SR-ARE,2,1,0,1,0.0,100.0
157,SR-MMP,2,2,0,2,0.0,100.0
157,NR-AhR,2,2,0,2,0.0,100.0
157,NR-ER-LBD,2,2,0,2,0.0,100.0
157,SR-ATAD5,2,2,0,2,0.0,100.0
157,SR-p53,2,2,1,1,50.0,50.0
158,NR-AR,7,7,0,7,0.0,100.0
158,NR-Aromatase,7,4,0,4,0.0,100.0
158,NR-PPAR-gamma,7,6,0,6,0.0,100.0
158,SR-HSE,7,4,1,3,25.0,75.0
158,NR-AR-LBD,7,6,0,6,0.0,100.0
158,NR-ER,7,5,0,5,0.0,100.0
158,SR-ARE,7,2,1,1,50.0,50.0
158,SR-MMP,7,5,0,5,0.0,100.0
158,NR-AhR,7,7,0,7,0.0,100.0
158,NR-ER-LBD,7,6,0,6,0.0,100.0
158,SR-ATAD5,7,6,0,6,0.0,100.0
158,SR-p53,7,6,1,5,16.67,83.33
159,NR-AR,5,4,0,4,0.0,100.0
159,NR-Aromatase,5,3,0,3,0.0,100.0
159,NR-PPAR-gamma,5,4,0,4,0.0,100.0
159,SR-HSE,5,5,0,5,0.0,100.0
159,NR-AR-LBD,5,4,0,4,0.0,100.0
159,NR-ER,5,2,1,1,50.0,50.0
159,SR-ARE,5,4,0,4,0.0,100.0
159,SR-MMP,5,3,0,3,0.0,100.0
159,NR-AhR,5,4,0,4,0.0,100.0
159,NR-ER-LBD,5,3,0,3,0.0,100.0
159,SR-ATAD5,5,4,0,4,0.0,100.0
159,SR-p53,5,4,0,4,0.0,100.0
160,NR-AR,4,3,0,3,0.0,100.0
160,NR-Aromatase,4,4,0,4,0.0,100.0
160,NR-PPAR-gamma,4,3,0,3,0.0,100.0
160,SR-HSE,4,3,0,3,0.0,100.0
160,NR-AR-LBD,4,3,0,3,0.0,100.0
160,NR-ER,4,2,0,2,0.0,100.0
160,SR-ARE,4,3,0,3,0.0,100.0
160,SR-MMP,4,4,1,3,25.0,75.0
160,NR-AhR,4,4,0,4,0.0,100.0
160,NR-ER-LBD,4,4,0,4,0.0,100.0
160,SR-ATAD5,4,4,0,4,0.0,100.0
160,SR-p53,4,3,0,3,0.0,100.0
161,NR-AR,2,2,0,2,0.0,100.0
161,NR-Aromatase,2,1,0,1,0.0,100.0
161,NR-PPAR-gamma,2,2,0,2,0.0,100.0
161,SR-HSE,2,1,0,1,0.0,100.0
161,NR-AR-LBD,2,1,0,1,0.0,100.0
161,NR-ER,2,2,0,2,0.0,100.0
161,SR-ARE,2,1,0,1,0.0,100.0
161,SR-MMP,2,2,1,1,50.0,50.0
161,NR-AhR,2,2,0,2,0.0,100.0
161,NR-ER-LBD,2,2,0,2,0.0,100.0
161,SR-ATAD5,2,2,0,2,0.0,100.0
161,SR-p53,2,2,0,2,0.0,100.0
162,NR-AR,14,14,0,14,0.0,100.0
162,NR-Aromatase,14,11,0,11,0.0,100.0
162,NR-PPAR-gamma,14,9,2,7,22.22,77.78
162,SR-HSE,14,10,3,7,30.0,70.0
162,NR-AR-LBD,14,12,0,12,0.0,100.0
162,NR-ER,14,12,0,12,0.0,100.0
162,SR-ARE,14,11,1,10,9.09,90.91
162,SR-MMP,14,8,0,8,0.0,100.0
162,NR-AhR,14,13,0,13,0.0,100.0
162,NR-ER-LBD,14,12,0,12,0.0,100.0
162,SR-ATAD5,14,12,1,11,8.33,91.67
162,SR-p53,14,13,1,12,7.69,92.31
163,NR-AR,7,7,1,6,14.29,85.71
163,NR-Aromatase,7,5,0,5,0.0,100.0
163,NR-PPAR-gamma,7,7,2,5,28.57,71.43
163,SR-HSE,7,5,0,5,0.0,100.0
163,NR-AR-LBD,7,7,1,6,14.29,85.71
163,NR-ER,7,4,0,4,0.0,100.0
163,SR-ARE,7,4,0,4,0.0,100.0
163,SR-MMP,7,4,0,4,0.0,100.0
163,NR-AhR,7,6,0,6,0.0,100.0
163,NR-ER-LBD,7,6,1,5,16.67,83.33
163,SR-ATAD5,7,7,2,5,28.57,71.43
163,SR-p53,7,5,1,4,20.0,80.0
164,NR-AR,2,1,0,1,0.0,100.0
164,NR-Aromatase,2,1,0,1,0.0,100.0
164,NR-PPAR-gamma,2,2,0,2,0.0,100.0
164,SR-HSE,2,2,0,2,0.0,100.0
164,NR-AR-LBD,2,2,0,2,0.0,100.0
164,NR-ER,2,1,0,1,0.0,100.0
164,SR-ARE,2,2,0,2,0.0,100.0
164,SR-MMP,2,2,0,2,0.0,100.0
164,NR-AhR,2,2,0,2,0.0,100.0
164,NR-ER-LBD,2,2,0,2,0.0,100.0
164,SR-ATAD5,2,2,0,2,0.0,100.0
164,SR-p53,2,2,0,2,0.0,100.0
165,NR-AR,1,1,0,1,0.0,100.0
165,NR-Aromatase,1,1,0,1,0.0,100.0
165,NR-PPAR-gamma,1,1,0,1,0.0,100.0
165,SR-HSE,1,1,0,1,0.0,100.0
165,NR-AR-LBD,1,1,0,1,0.0,100.0
165,NR-ER,1,1,0,1,0.0,100.0
165,SR-ARE,1,1,0,1,0.0,100.0
165,SR-MMP,1,1,0,1,0.0,100.0
165,NR-AhR,1,1,0,1,0.0,100.0
165,NR-ER-LBD,1,1,0,1,0.0,100.0
165,SR-ATAD5,1,1,0,1,0.0,100.0
165,SR-p53,1,1,0,1,0.0,100.0
166,NR-AR,5,5,0,5,0.0,100.0
166,NR-Aromatase,5,5,0,5,0.0,100.0
166,NR-PPAR-gamma,5,4,0,4,0.0,100.0
166,SR-HSE,5,5,0,5,0.0,100.0
166,NR-AR-LBD,5,5,0,5,0.0,100.0
166,NR-ER,5,5,0,5,0.0,100.0
166,SR-ARE,5,4,0,4,0.0,100.0
166,SR-MMP,5,5,0,5,0.0,100.0
166,NR-AhR,5,4,0,4,0.0,100.0
166,NR-ER-LBD,5,5,0,5,0.0,100.0
166,SR-ATAD5,5,5,0,5,0.0,100.0
166,SR-p53,5,5,0,5,0.0,100.0
167,NR-AR,4,4,0,4,0.0,100.0
167,NR-Aromatase,4,4,1,3,25.0,75.0
167,NR-PPAR-gamma,4,4,0,4,0.0,100.0
167,SR-HSE,4,3,0,3,0.0,100.0
167,NR-AR-LBD,4,3,0,3,0.0,100.0
167,NR-ER,4,2,0,2,0.0,100.0
167,SR-ARE,4,3,1,2,33.33,66.67
167,SR-MMP,4,3,1,2,33.33,66.67
167,NR-AhR,4,3,0,3,0.0,100.0
167,NR-ER-LBD,4,4,0,4,0.0,100.0
167,SR-ATAD5,4,4,0,4,0.0,100.0
167,SR-p53,4,4,0,4,0.0,100.0
168,NR-AR,11,9,9,0,100.0,0.0
168,NR-Aromatase,11,3,0,3,0.0,100.0
168,NR-PPAR-gamma,11,7,0,7,0.0,100.0
168,SR-HSE,11,10,0,10,0.0,100.0
168,NR-AR-LBD,11,9,8,1,88.89,11.11
168,NR-ER,11,8,3,5,37.5,62.5
168,SR-ARE,11,5,0,5,0.0,100.0
168,SR-MMP,11,6,2,4,33.33,66.67
168,NR-AhR,11,6,1,5,16.67,83.33
168,NR-ER-LBD,11,8,1,7,12.5,87.5
168,SR-ATAD5,11,9,0,9,0.0,100.0
168,SR-p53,11,9,1,8,11.11,88.89
169,NR-AR,2,2,0,2,0.0,100.0
169,NR-Aromatase,2,1,0,1,0.0,100.0
169,NR-PPAR-gamma,2,1,0,1,0.0,100.0
169,SR-HSE,2,1,0,1,0.0,100.0
169,NR-AR-LBD,2,1,0,1,0.0,100.0
169,NR-ER,2,2,1,1,50.0,50.0
169,SR-ARE,2,1,0,1,0.0,100.0
169,SR-MMP,2,2,1,1,50.0,50.0
169,NR-AhR,2,2,0,2,0.0,100.0
169,NR-ER-LBD,2,2,1,1,50.0,50.0
169,SR-ATAD5,2,2,0,2,0.0,100.0
169,SR-p53,2,1,0,1,0.0,100.0
170,NR-AR,28,26,2,24,7.69,92.31
170,NR-Aromatase,28,18,3,15,16.67,83.33
170,NR-PPAR-gamma,28,22,1,21,4.55,95.45
170,SR-HSE,28,18,1,17,5.56,94.44
170,NR-AR-LBD,28,21,2,19,9.52,90.48
170,NR-ER,28,17,3,14,17.65,82.35
170,SR-ARE,28,16,3,13,18.75,81.25
170,SR-MMP,28,15,2,13,13.33,86.67
170,NR-AhR,28,25,6,19,24.0,76.0
170,NR-ER-LBD,28,24,3,21,12.5,87.5
170,SR-ATAD5,28,27,0,27,0.0,100.0
170,SR-p53,28,21,1,20,4.76,95.24
171,NR-AR,5,5,0,5,0.0,100.0
171,NR-Aromatase,5,5,0,5,0.0,100.0
171,NR-PPAR-gamma,5,5,0,5,0.0,100.0
171,SR-HSE,5,3,0,3,0.0,100.0
171,NR-AR-LBD,5,4,0,4,0.0,100.0
171,NR-ER,5,4,1,3,25.0,75.0
171,SR-ARE,5,3,1,2,33.33,66.67
171,SR-MMP,5,4,0,4,0.0,100.0
171,NR-AhR,5,4,0,4,0.0,100.0
171,NR-ER-LBD,5,4,0,4,0.0,100.0
171,SR-ATAD5,5,5,1,4,20.0,80.0
171,SR-p53,5,5,1,4,20.0,80.0
172,NR-AR,1,1,0,1,0.0,100.0
172,NR-Aromatase,1,1,0,1,0.0,100.0
172,NR-PPAR-gamma,1,1,0,1,0.0,100.0
172,SR-HSE,1,1,0,1,0.0,100.0
172,NR-AR-LBD,1,1,0,1,0.0,100.0
172,SR-MMP,1,1,0,1,0.0,100.0
172,NR-AhR,1,1,0,1,0.0,100.0
172,SR-ATAD5,1,1,0,1,0.0,100.0
172,SR-p53,1,1,0,1,0.0,100.0
173,NR-AR,1,1,0,1,0.0,100.0
173,NR-PPAR-gamma,1,1,0,1,0.0,100.0
173,SR-HSE,1,1,0,1,0.0,100.0
173,NR-AR-LBD,1,1,0,1,0.0,100.0
173,SR-ARE,1,1,1,0,100.0,0.0
173,SR-MMP,1,1,1,0,100.0,0.0
173,NR-AhR,1,1,0,1,0.0,100.0
173,NR-ER-LBD,1,1,0,1,0.0,100.0
173,SR-ATAD5,1,1,0,1,0.0,100.0
173,SR-p53,1,1,0,1,0.0,100.0
174,NR-AR,5,4,0,4,0.0,100.0
174,NR-Aromatase,5,3,2,1,66.67,33.33
174,NR-PPAR-gamma,5,1,0,1,0.0,100.0
174,SR-HSE,5,5,2,3,40.0,60.0
174,NR-AR-LBD,5,2,0,2,0.0,100.0
174,NR-ER,5,1,0,1,0.0,100.0
174,SR-ARE,5,4,0,4,0.0,100.0
174,SR-MMP,5,4,2,2,50.0,50.0
174,NR-AhR,5,3,1,2,33.33,66.67
174,NR-ER-LBD,5,2,0,2,0.0,100.0
174,SR-ATAD5,5,2,0,2,0.0,100.0
174,SR-p53,5,4,2,2,50.0,50.0
175,NR-AR,4,1,0,1,0.0,100.0
175,NR-PPAR-gamma,4,1,0,1,0.0,100.0
175,SR-HSE,4,2,0,2,0.0,100.0
175,NR-AR-LBD,4,1,0,1,0.0,100.0
175,SR-ARE,4,4,4,0,100.0,0.0
175,NR-AhR,4,1,1,0,100.0,0.0
175,NR-ER-LBD,4,1,0,1,0.0,100.0
175,SR-ATAD5,4,1,0,1,0.0,100.0
175,SR-p53,4,1,0,1,0.0,100.0
176,NR-AR,18,17,1,16,5.88,94.12
176,NR-Aromatase,18,13,3,10,23.08,76.92
176,NR-PPAR-gamma,18,13,2,11,15.38,84.62
176,SR-HSE,18,13,2,11,15.38,84.62
176,NR-AR-LBD,18,13,0,13,0.0,100.0
176,NR-ER,18,13,5,8,38.46,61.54
176,SR-ARE,18,11,4,7,36.36,63.64
176,SR-MMP,18,8,3,5,37.5,62.5
176,NR-AhR,18,16,6,10,37.5,62.5
176,NR-ER-LBD,18,16,4,12,25.0,75.0
176,SR-ATAD5,18,14,3,11,21.43,78.57
176,SR-p53,18,16,3,13,18.75,81.25
178,NR-AR,4,4,0,4,0.0,100.0
178,NR-Aromatase,4,3,1,2,33.33,66.67
178,NR-PPAR-gamma,4,4,0,4,0.0,100.0
178,SR-HSE,4,2,0,2,0.0,100.0
178,NR-AR-LBD,4,3,0,3,0.0,100.0
178,NR-ER,4,4,1,3,25.0,75.0
178,SR-ARE,4,3,0,3,0.0,100.0
178,SR-MMP,4,4,2,2,50.0,50.0
178,NR-AhR,4,3,1,2,33.33,66.67
178,NR-ER-LBD,4,3,0,3,0.0,100.0
178,SR-ATAD5,4,4,0,4,0.0,100.0
178,SR-p53,4,3,0,3,0.0,100.0
179,NR-AR,7,7,1,6,14.29,85.71
179,NR-Aromatase,7,6,0,6,0.0,100.0
179,NR-PPAR-gamma,7,7,0,7,0.0,100.0
179,SR-HSE,7,4,0,4,0.0,100.0
179,NR-AR-LBD,7,6,1,5,16.67,83.33
179,NR-ER,7,6,1,5,16.67,83.33
179,SR-ARE,7,3,0,3,0.0,100.0
179,SR-MMP,7,7,2,5,28.57,71.43
179,NR-AhR,7,5,0,5,0.0,100.0
179,NR-ER-LBD,7,7,0,7,0.0,100.0
179,SR-ATAD5,7,7,0,7,0.0,100.0
179,SR-p53,7,7,1,6,14.29,85.71
180,NR-AR,9,8,0,8,0.0,100.0
180,NR-Aromatase,9,8,0,8,0.0,100.0
180,NR-PPAR-gamma,9,9,0,9,0.0,100.0
180,SR-HSE,9,9,0,9,0.0,100.0
180,NR-AR-LBD,9,9,0,9,0.0,100.0
180,NR-ER,9,8,0,8,0.0,100.0
180,SR-ARE,9,9,0,9,0.0,100.0
180,SR-MMP,9,7,0,7,0.0,100.0
180,NR-AhR,9,8,0,8,0.0,100.0
180,NR-ER-LBD,9,9,0,9,0.0,100.0
180,SR-ATAD5,9,9,0,9,0.0,100.0
180,SR-p53,9,9,0,9,0.0,100.0
181,NR-AR,5,5,0,5,0.0,100.0
181,NR-Aromatase,5,2,0,2,0.0,100.0
181,NR-PPAR-gamma,5,5,1,4,20.0,80.0
181,SR-HSE,5,3,1,2,33.33,66.67
181,NR-AR-LBD,5,4,0,4,0.0,100.0
181,NR-ER,5,3,1,2,33.33,66.67
181,SR-ARE,5,3,0,3,0.0,100.0
181,SR-MMP,5,4,2,2,50.0,50.0
181,NR-AhR,5,5,0,5,0.0,100.0
181,NR-ER-LBD,5,4,2,2,50.0,50.0
181,SR-ATAD5,5,3,0,3,0.0,100.0
181,SR-p53,5,3,0,3,0.0,100.0
182,NR-AR,11,10,0,10,0.0,100.0
182,NR-Aromatase,11,8,0,8,0.0,100.0
182,NR-PPAR-gamma,11,9,0,9,0.0,100.0
182,SR-HSE,11,11,0,11,0.0,100.0
182,NR-AR-LBD,11,10,0,10,0.0,100.0
182,NR-ER,11,10,2,8,20.0,80.0
182,SR-ARE,11,10,2,8,20.0,80.0
182,SR-MMP,11,10,2,8,20.0,80.0
182,NR-AhR,11,9,0,9,0.0,100.0
182,NR-ER-LBD,11,9,0,9,0.0,100.0
182,SR-ATAD5,11,10,0,10,0.0,100.0
182,SR-p53,11,10,1,9,10.0,90.0
183,NR-AR,1,1,0,1,0.0,100.0
183,NR-Aromatase,1,1,0,1,0.0,100.0
183,NR-PPAR-gamma,1,1,0,1,0.0,100.0
183,SR-HSE,1,1,0,1,0.0,100.0
183,NR-AR-LBD,1,1,0,1,0.0,100.0
183,NR-ER,1,1,0,1,0.0,100.0
183,SR-ARE,1,1,0,1,0.0,100.0
183,NR-AhR,1,1,0,1,0.0,100.0
183,NR-ER-LBD,1,1,0,1,0.0,100.0
183,SR-ATAD5,1,1,0,1,0.0,100.0
183,SR-p53,1,1,0,1,0.0,100.0
184,NR-AR,8,8,0,8,0.0,100.0
184,NR-Aromatase,8,7,0,7,0.0,100.0
184,NR-PPAR-gamma,8,8,0,8,0.0,100.0
184,SR-HSE,8,7,0,7,0.0,100.0
184,NR-AR-LBD,8,8,0,8,0.0,100.0
184,NR-ER,8,7,1,6,14.29,85.71
184,SR-ARE,8,6,1,5,16.67,83.33
184,SR-MMP,8,8,0,8,0.0,100.0
184,NR-AhR,8,7,1,6,14.29,85.71
184,NR-ER-LBD,8,8,0,8,0.0,100.0
184,SR-ATAD5,8,8,0,8,0.0,100.0
184,SR-p53,8,8,0,8,0.0,100.0
185,NR-AR,6,6,0,6,0.0,100.0
185,NR-Aromatase,6,4,0,4,0.0,100.0
185,NR-PPAR-gamma,6,5,1,4,20.0,80.0
185,SR-HSE,6,4,0,4,0.0,100.0
185,NR-AR-LBD,6,6,0,6,0.0,100.0
185,NR-ER,6,6,0,6,0.0,100.0
185,SR-ARE,6,3,0,3,0.0,100.0
185,SR-MMP,6,4,0,4,0.0,100.0
185,NR-AhR,6,5,0,5,0.0,100.0
185,NR-ER-LBD,6,5,0,5,0.0,100.0
185,SR-ATAD5,6,6,1,5,16.67,83.33
185,SR-p53,6,6,1,5,16.67,83.33
186,NR-AR,15,14,0,14,0.0,100.0
186,NR-Aromatase,15,10,0,10,0.0,100.0
186,NR-PPAR-gamma,15,10,1,9,10.0,90.0
186,SR-HSE,15,10,0,10,0.0,100.0
186,NR-AR-LBD,15,12,0,12,0.0,100.0
186,NR-ER,15,12,1,11,8.33,91.67
186,SR-ARE,15,10,2,8,20.0,80.0
186,SR-MMP,15,8,2,6,25.0,75.0
186,NR-AhR,15,14,2,12,14.29,85.71
186,NR-ER-LBD,15,12,1,11,8.33,91.67
186,SR-ATAD5,15,14,1,13,7.14,92.86
186,SR-p53,15,10,1,9,10.0,90.0
187,NR-AR,11,11,0,11,0.0,100.0
187,NR-Aromatase,11,8,0,8,0.0,100.0
187,NR-PPAR-gamma,11,11,1,10,9.09,90.91
187,SR-HSE,11,9,0,9,0.0,100.0
187,NR-AR-LBD,11,11,0,11,0.0,100.0
187,NR-ER,11,11,0,11,0.0,100.0
187,SR-ARE,11,8,1,7,12.5,87.5
187,SR-MMP,11,8,1,7,12.5,87.5
187,NR-AhR,11,10,0,10,0.0,100.0
187,NR-ER-LBD,11,10,1,9,10.0,90.0
187,SR-ATAD5,11,11,1,10,9.09,90.91
187,SR-p53,11,11,1,10,9.09,90.91
188,NR-AR,4,4,0,4,0.0,100.0
188,NR-Aromatase,4,3,1,2,33.33,66.67
188,NR-PPAR-gamma,4,2,0,2,0.0,100.0
188,SR-HSE,4,4,2,2,50.0,50.0
188,NR-AR-LBD,4,2,0,2,0.0,100.0
188,NR-ER,4,3,0,3,0.0,100.0
188,SR-ARE,4,4,1,3,25.0,75.0
188,SR-MMP,4,3,2,1,66.67,33.33
188,NR-AhR,4,3,0,3,0.0,100.0
188,NR-ER-LBD,4,4,1,3,25.0,75.0
188,SR-ATAD5,4,3,0,3,0.0,100.0
188,SR-p53,4,2,0,2,0.0,100.0
189,NR-AR,20,18,0,18,0.0,100.0
189,NR-Aromatase,20,15,0,15,0.0,100.0
189,NR-PPAR-gamma,20,17,1,16,5.88,94.12
189,SR-HSE,20,17,1,16,5.88,94.12
189,NR-AR-LBD,20,17,0,17,0.0,100.0
189,NR-ER,20,16,3,13,18.75,81.25
189,SR-ARE,20,17,1,16,5.88,94.12
189,SR-MMP,20,15,2,13,13.33,86.67
189,NR-AhR,20,17,0,17,0.0,100.0
189,NR-ER-LBD,20,18,3,15,16.67,83.33
189,SR-ATAD5,20,17,0,17,0.0,100.0
189,SR-p53,20,17,0,17,0.0,100.0
190,NR-AR,9,9,0,9,0.0,100.0
190,NR-Aromatase,9,8,0,8,0.0,100.0
190,NR-PPAR-gamma,9,7,0,7,0.0,100.0
190,SR-HSE,9,8,0,8,0.0,100.0
190,NR-AR-LBD,9,9,0,9,0.0,100.0
190,NR-ER,9,8,1,7,12.5,87.5
190,SR-ARE,9,7,0,7,0.0,100.0
190,SR-MMP,9,6,0,6,0.0,100.0
190,NR-AhR,9,9,1,8,11.11,88.89
190,NR-ER-LBD,9,9,0,9,0.0,100.0
190,SR-ATAD5,9,9,0,9,0.0,100.0
190,SR-p53,9,9,0,9,0.0,100.0
191,NR-AR,4,4,0,4,0.0,100.0
191,NR-Aromatase,4,2,0,2,0.0,100.0
191,NR-PPAR-gamma,4,3,0,3,0.0,100.0
191,SR-HSE,4,3,0,3,0.0,100.0
191,NR-AR-LBD,4,4,0,4,0.0,100.0
191,NR-ER,4,3,1,2,33.33,66.67
191,SR-ARE,4,3,3,0,100.0,0.0
191,SR-MMP,4,2,1,1,50.0,50.0
191,NR-AhR,4,4,1,3,25.0,75.0
191,NR-ER-LBD,4,3,0,3,0.0,100.0
191,SR-ATAD5,4,4,0,4,0.0,100.0
191,SR-p53,4,4,1,3,25.0,75.0
192,NR-AR,10,10,0,10,0.0,100.0
192,NR-Aromatase,10,6,2,4,33.33,66.67
192,NR-PPAR-gamma,10,7,1,6,14.29,85.71
192,SR-HSE,10,7,0,7,0.0,100.0
192,NR-AR-LBD,10,8,0,8,0.0,100.0
192,NR-ER,10,4,0,4,0.0,100.0
192,SR-ARE,10,6,1,5,16.67,83.33
192,SR-MMP,10,7,3,4,42.86,57.14
192,NR-AhR,10,9,1,8,11.11,88.89
192,NR-ER-LBD,10,8,1,7,12.5,87.5
192,SR-ATAD5,10,8,1,7,12.5,87.5
192,SR-p53,10,9,1,8,11.11,88.89
193,NR-AR,3,2,0,2,0.0,100.0
193,NR-Aromatase,3,1,0,1,0.0,100.0
193,NR-PPAR-gamma,3,2,0,2,0.0,100.0
193,SR-HSE,3,2,0,2,0.0,100.0
193,NR-AR-LBD,3,2,0,2,0.0,100.0
193,NR-ER,3,2,0,2,0.0,100.0
193,SR-ARE,3,2,0,2,0.0,100.0
193,SR-MMP,3,1,0,1,0.0,100.0
193,NR-AhR,3,2,0,2,0.0,100.0
193,NR-ER-LBD,3,2,0,2,0.0,100.0
193,SR-ATAD5,3,2,0,2,0.0,100.0
193,SR-p53,3,2,0,2,0.0,100.0
194,NR-AR,7,6,1,5,16.67,83.33
194,NR-Aromatase,7,3,0,3,0.0,100.0
194,NR-PPAR-gamma,7,6,0,6,0.0,100.0
194,SR-HSE,7,5,1,4,20.0,80.0
194,NR-AR-LBD,7,6,1,5,16.67,83.33
194,NR-ER,7,4,2,2,50.0,50.0
194,SR-ARE,7,5,2,3,40.0,60.0
194,SR-MMP,7,4,3,1,75.0,25.0
194,NR-AhR,7,6,0,6,0.0,100.0
194,NR-ER-LBD,7,6,1,5,16.67,83.33
194,SR-ATAD5,7,6,0,6,0.0,100.0
194,SR-p53,7,6,1,5,16.67,83.33
195,NR-AR,2,2,0,2,0.0,100.0
195,NR-Aromatase,2,2,2,0,100.0,0.0
195,NR-PPAR-gamma,2,1,0,1,0.0,100.0
195,SR-HSE,2,2,0,2,0.0,100.0
195,NR-AR-LBD,2,1,0,1,0.0,100.0
195,NR-ER,2,1,0,1,0.0,100.0
195,SR-ARE,2,1,0,1,0.0,100.0
195,SR-MMP,2,1,0,1,0.0,100.0
195,NR-AhR,2,2,1,1,50.0,50.0
195,NR-ER-LBD,2,2,0,2,0.0,100.0
195,SR-ATAD5,2,1,0,1,0.0,100.0
195,SR-p53,2,1,0,1,0.0,100.0
196,NR-AR,3,3,0,3,0.0,100.0
196,NR-PPAR-gamma,3,1,0,1,0.0,100.0
196,SR-HSE,3,3,0,3,0.0,100.0
196,NR-AR-LBD,3,1,0,1,0.0,100.0
196,NR-ER,3,3,3,0,100.0,0.0
196,SR-ARE,3,2,2,0,100.0,0.0
196,NR-AhR,3,3,2,1,66.67,33.33
196,NR-ER-LBD,3,3,3,0,100.0,0.0
196,SR-ATAD5,3,3,2,1,66.67,33.33
196,SR-p53,3,2,0,2,0.0,100.0
197,NR-AR,6,6,1,5,16.67,83.33
197,NR-Aromatase,6,5,1,4,20.0,80.0
197,NR-PPAR-gamma,6,6,0,6,0.0,100.0
197,SR-HSE,6,6,1,5,16.67,83.33
197,NR-AR-LBD,6,6,1,5,16.67,83.33
197,NR-ER,6,4,1,3,25.0,75.0
197,SR-ARE,6,5,0,5,0.0,100.0
197,SR-MMP,6,5,0,5,0.0,100.0
197,NR-AhR,6,6,1,5,16.67,83.33
197,NR-ER-LBD,6,5,0,5,0.0,100.0
197,SR-ATAD5,6,6,0,6,0.0,100.0
197,SR-p53,6,6,0,6,0.0,100.0
198,NR-AR,10,10,0,10,0.0,100.0
198,NR-Aromatase,10,8,0,8,0.0,100.0
198,NR-PPAR-gamma,10,10,1,9,10.0,90.0
198,SR-HSE,10,6,0,6,0.0,100.0
198,NR-AR-LBD,10,10,1,9,10.0,90.0
198,NR-ER,10,9,1,8,11.11,88.89
198,SR-ARE,10,6,0,6,0.0,100.0
198,SR-MMP,10,8,1,7,12.5,87.5
198,NR-AhR,10,10,1,9,10.0,90.0
198,NR-ER-LBD,10,9,1,8,11.11,88.89
198,SR-ATAD5,10,10,1,9,10.0,90.0
198,SR-p53,10,9,1,8,11.11,88.89
199,NR-AR,1,1,0,1,0.0,100.0
199,NR-Aromatase,1,1,0,1,0.0,100.0
199,NR-PPAR-gamma,1,1,0,1,0.0,100.0
199,SR-HSE,1,1,0,1,0.0,100.0
199,NR-AR-LBD,1,1,0,1,0.0,100.0
199,NR-ER,1,1,0,1,0.0,100.0
199,SR-ARE,1,1,0,1,0.0,100.0
199,SR-MMP,1,1,0,1,0.0,100.0
199,NR-AhR,1,1,0,1,0.0,100.0
199,NR-ER-LBD,1,1,0,1,0.0,100.0
199,SR-ATAD5,1,1,0,1,0.0,100.0
199,SR-p53,1,1,0,1,0.0,100.0
200,NR-AR,1,1,0,1,0.0,100.0
200,NR-Aromatase,1,1,0,1,0.0,100.0
200,NR-ER,1,1,0,1,0.0,100.0
200,SR-MMP,1,1,0,1,0.0,100.0
200,NR-AhR,1,1,0,1,0.0,100.0
200,NR-ER-LBD,1,1,0,1,0.0,100.0
200,SR-ATAD5,1,1,0,1,0.0,100.0
201,NR-AR,4,4,0,4,0.0,100.0
201,NR-Aromatase,4,3,1,2,33.33,66.67
201,NR-PPAR-gamma,4,3,0,3,0.0,100.0
201,SR-HSE,4,3,0,3,0.0,100.0
201,NR-AR-LBD,4,3,0,3,0.0,100.0
201,NR-ER,4,3,2,1,66.67,33.33
201,SR-ARE,4,2,1,1,50.0,50.0
201,SR-MMP,4,4,1,3,25.0,75.0
201,NR-AhR,4,3,1,2,33.33,66.67
201,NR-ER-LBD,4,4,1,3,25.0,75.0
201,SR-ATAD5,4,3,0,3,0.0,100.0
201,SR-p53,4,4,1,3,25.0,75.0
202,NR-AR,8,6,0,6,0.0,100.0
202,NR-Aromatase,8,6,1,5,16.67,83.33
202,NR-PPAR-gamma,8,6,0,6,0.0,100.0
202,SR-HSE,8,6,0,6,0.0,100.0
202,NR-AR-LBD,8,5,0,5,0.0,100.0
202,NR-ER,8,5,2,3,40.0,60.0
202,SR-ARE,8,4,1,3,25.0,75.0
202,SR-MMP,8,5,1,4,20.0,80.0
202,NR-AhR,8,5,1,4,20.0,80.0
202,NR-ER-LBD,8,6,1,5,16.67,83.33
202,SR-ATAD5,8,6,0,6,0.0,100.0
202,SR-p53,8,5,2,3,40.0,60.0
203,NR-AR,2,2,1,1,50.0,50.0
203,NR-Aromatase,2,2,0,2,0.0,100.0
203,NR-PPAR-gamma,2,2,0,2,0.0,100.0
203,SR-HSE,2,2,0,2,0.0,100.0
203,NR-AR-LBD,2,2,1,1,50.0,50.0
203,NR-ER,2,2,0,2,0.0,100.0
203,SR-ARE,2,2,0,2,0.0,100.0
203,SR-MMP,2,2,0,2,0.0,100.0
203,NR-AhR,2,1,0,1,0.0,100.0
203,NR-ER-LBD,2,2,0,2,0.0,100.0
203,SR-ATAD5,2,2,0,2,0.0,100.0
203,SR-p53,2,2,0,2,0.0,100.0
205,NR-AR,11,10,0,10,0.0,100.0
205,NR-Aromatase,11,8,0,8,0.0,100.0
205,NR-PPAR-gamma,11,10,1,9,10.0,90.0
205,SR-HSE,11,8,0,8,0.0,100.0
205,NR-AR-LBD,11,10,0,10,0.0,100.0
205,NR-ER,11,10,1,9,10.0,90.0
205,SR-ARE,11,8,1,7,12.5,87.5
205,SR-MMP,11,8,0,8,0.0,100.0
205,NR-AhR,11,8,0,8,0.0,100.0
205,NR-ER-LBD,11,9,1,8,11.11,88.89
205,SR-ATAD5,11,10,1,9,10.0,90.0
205,SR-p53,11,10,1,9,10.0,90.0
207,NR-AR,6,6,2,4,33.33,66.67
207,NR-Aromatase,6,4,0,4,0.0,100.0
207,NR-PPAR-gamma,6,5,0,5,0.0,100.0
207,SR-HSE,6,5,0,5,0.0,100.0
207,NR-AR-LBD,6,6,1,5,16.67,83.33
207,NR-ER,6,5,0,5,0.0,100.0
207,SR-ARE,6,3,1,2,33.33,66.67
207,SR-MMP,6,4,2,2,50.0,50.0
207,NR-AhR,6,5,2,3,40.0,60.0
207,NR-ER-LBD,6,5,0,5,0.0,100.0
207,SR-ATAD5,6,5,0,5,0.0,100.0
207,SR-p53,6,6,1,5,16.67,83.33
208,NR-AR,11,11,1,10,9.09,90.91
208,NR-Aromatase,11,9,2,7,22.22,77.78
208,NR-PPAR-gamma,11,10,0,10,0.0,100.0
208,SR-HSE,11,10,1,9,10.0,90.0
208,NR-AR-LBD,11,11,0,11,0.0,100.0
208,NR-ER,11,9,1,8,11.11,88.89
208,SR-ARE,11,9,2,7,22.22,77.78
208,SR-MMP,11,7,0,7,0.0,100.0
208,NR-AhR,11,10,4,6,40.0,60.0
208,NR-ER-LBD,11,11,1,10,9.09,90.91
208,SR-ATAD5,11,10,0,10,0.0,100.0
208,SR-p53,11,11,1,10,9.09,90.91
209,NR-AR,4,4,0,4,0.0,100.0
209,NR-Aromatase,4,2,0,2,0.0,100.0
209,NR-PPAR-gamma,4,4,0,4,0.0,100.0
209,SR-HSE,4,4,0,4,0.0,100.0
209,NR-AR-LBD,4,4,0,4,0.0,100.0
209,NR-ER,4,4,2,2,50.0,50.0
209,SR-ARE,4,4,1,3,25.0,75.0
209,SR-MMP,4,3,0,3,0.0,100.0
209,NR-AhR,4,3,1,2,33.33,66.67
209,NR-ER-LBD,4,3,0,3,0.0,100.0
209,SR-ATAD5,4,4,1,3,25.0,75.0
209,SR-p53,4,4,0,4,0.0,100.0
211,NR-AR,2,2,0,2,0.0,100.0
211,NR-Aromatase,2,1,0,1,0.0,100.0
211,NR-PPAR-gamma,2,1,0,1,0.0,100.0
211,SR-HSE,2,2,0,2,0.0,100.0
211,NR-AR-LBD,2,2,0,2,0.0,100.0
211,NR-ER,2,2,1,1,50.0,50.0
211,SR-ARE,2,2,1,1,50.0,50.0
211,SR-MMP,2,2,1,1,50.0,50.0
211,NR-AhR,2,2,1,1,50.0,50.0
211,NR-ER-LBD,2,2,1,1,50.0,50.0
211,SR-ATAD5,2,2,1,1,50.0,50.0
211,SR-p53,2,1,0,1,0.0,100.0
212,NR-AR,2,2,0,2,0.0,100.0
212,NR-Aromatase,2,2,0,2,0.0,100.0
212,NR-PPAR-gamma,2,2,0,2,0.0,100.0
212,SR-HSE,2,1,0,1,0.0,100.0
212,NR-AR-LBD,2,2,0,2,0.0,100.0
212,NR-ER,2,2,0,2,0.0,100.0
212,SR-ARE,2,1,0,1,0.0,100.0
212,SR-MMP,2,2,0,2,0.0,100.0
212,NR-AhR,2,2,0,2,0.0,100.0
212,NR-ER-LBD,2,2,0,2,0.0,100.0
212,SR-ATAD5,2,2,0,2,0.0,100.0
212,SR-p53,2,2,0,2,0.0,100.0
213,NR-AR,3,3,0,3,0.0,100.0
213,NR-Aromatase,3,3,0,3,0.0,100.0
213,NR-PPAR-gamma,3,3,0,3,0.0,100.0
213,SR-HSE,3,3,0,3,0.0,100.0
213,NR-AR-LBD,3,3,0,3,0.0,100.0
213,NR-ER,3,3,0,3,0.0,100.0
213,SR-ARE,3,2,0,2,0.0,100.0
213,SR-MMP,3,3,0,3,0.0,100.0
213,NR-AhR,3,3,0,3,0.0,100.0
213,NR-ER-LBD,3,3,0,3,0.0,100.0
213,SR-ATAD5,3,3,0,3,0.0,100.0
213,SR-p53,3,3,0,3,0.0,100.0
214,NR-AR,6,6,0,6,0.0,100.0
214,NR-Aromatase,6,6,0,6,0.0,100.0
214,NR-PPAR-gamma,6,6,0,6,0.0,100.0
214,SR-HSE,6,6,0,6,0.0,100.0
214,NR-AR-LBD,6,6,0,6,0.0,100.0
214,NR-ER,6,5,0,5,0.0,100.0
214,SR-ARE,6,6,0,6,0.0,100.0
214,SR-MMP,6,6,0,6,0.0,100.0
214,NR-AhR,6,6,0,6,0.0,100.0
214,NR-ER-LBD,6,6,0,6,0.0,100.0
214,SR-ATAD5,6,6,0,6,0.0,100.0
214,SR-p53,6,6,0,6,0.0,100.0
216,NR-AR,2,2,0,2,0.0,100.0
216,NR-Aromatase,2,2,0,2,0.0,100.0
216,NR-PPAR-gamma,2,1,0,1,0.0,100.0
216,SR-HSE,2,1,0,1,0.0,100.0
216,NR-AR-LBD,2,2,0,2,0.0,100.0
216,NR-ER,2,1,0,1,0.0,100.0
216,SR-ARE,2,2,0,2,0.0,100.0
216,SR-MMP,2,1,0,1,0.0,100.0
216,NR-AhR,2,2,0,2,0.0,100.0
216,NR-ER-LBD,2,2,0,2,0.0,100.0
216,SR-ATAD5,2,2,0,2,0.0,100.0
216,SR-p53,2,2,0,2,0.0,100.0
217,NR-AR,6,6,0,6,0.0,100.0
217,NR-Aromatase,6,5,1,4,20.0,80.0
217,NR-PPAR-gamma,6,5,1,4,20.0,80.0
217,SR-HSE,6,4,0,4,0.0,100.0
217,NR-AR-LBD,6,6,1,5,16.67,83.33
217,NR-ER,6,6,0,6,0.0,100.0
217,SR-ARE,6,3,1,2,33.33,66.67
217,SR-MMP,6,5,0,5,0.0,100.0
217,NR-AhR,6,4,0,4,0.0,100.0
217,NR-ER-LBD,6,4,0,4,0.0,100.0
217,SR-ATAD5,6,6,0,6,0.0,100.0
217,SR-p53,6,6,1,5,16.67,83.33
218,NR-AR,11,11,0,11,0.0,100.0
218,NR-Aromatase,11,11,1,10,9.09,90.91
218,NR-PPAR-gamma,11,11,0,11,0.0,100.0
218,SR-HSE,11,10,1,9,10.0,90.0
218,NR-AR-LBD,11,9,0,9,0.0,100.0
218,NR-ER,11,10,1,9,10.0,90.0
218,SR-ARE,11,10,1,9,10.0,90.0
218,SR-MMP,11,6,0,6,0.0,100.0
218,NR-AhR,11,10,0,10,0.0,100.0
218,NR-ER-LBD,11,11,0,11,0.0,100.0
218,SR-ATAD5,11,11,0,11,0.0,100.0
218,SR-p53,11,9,0,9,0.0,100.0
219,NR-AR,2,2,0,2,0.0,100.0
219,NR-Aromatase,2,2,0,2,0.0,100.0
219,NR-PPAR-gamma,2,2,0,2,0.0,100.0
219,SR-HSE,2,2,0,2,0.0,100.0
219,NR-AR-LBD,2,2,0,2,0.0,100.0
219,NR-ER,2,2,0,2,0.0,100.0
219,SR-ARE,2,2,0,2,0.0,100.0
219,SR-MMP,2,2,0,2,0.0,100.0
219,NR-AhR,2,2,1,1,50.0,50.0
219,NR-ER-LBD,2,2,0,2,0.0,100.0
219,SR-ATAD5,2,2,0,2,0.0,100.0
219,SR-p53,2,2,0,2,0.0,100.0
220,NR-AR,4,4,1,3,25.0,75.0
220,NR-Aromatase,4,4,0,4,0.0,100.0
220,NR-PPAR-gamma,4,4,0,4,0.0,100.0
220,SR-HSE,4,3,0,3,0.0,100.0
220,NR-AR-LBD,4,4,1,3,25.0,75.0
220,NR-ER,4,3,1,2,33.33,66.67
220,SR-ARE,4,3,0,3,0.0,100.0
220,SR-MMP,4,3,0,3,0.0,100.0
220,NR-AhR,4,3,1,2,33.33,66.67
220,NR-ER-LBD,4,4,0,4,0.0,100.0
220,SR-ATAD5,4,4,0,4,0.0,100.0
220,SR-p53,4,4,0,4,0.0,100.0
221,NR-AR,17,16,0,16,0.0,100.0
221,NR-Aromatase,17,11,0,11,0.0,100.0
221,NR-PPAR-gamma,17,13,0,13,0.0,100.0
221,SR-HSE,17,15,0,15,0.0,100.0
221,NR-AR-LBD,17,14,0,14,0.0,100.0
221,NR-ER,17,12,1,11,8.33,91.67
221,SR-ARE,17,15,0,15,0.0,100.0
221,SR-MMP,17,11,2,9,18.18,81.82
221,NR-AhR,17,15,2,13,13.33,86.67
221,NR-ER-LBD,17,14,0,14,0.0,100.0
221,SR-ATAD5,17,14,1,13,7.14,92.86
221,SR-p53,17,15,2,13,13.33,86.67
222,NR-AR,14,13,1,12,7.69,92.31
222,NR-Aromatase,14,11,0,11,0.0,100.0
222,NR-PPAR-gamma,14,12,1,11,8.33,91.67
222,SR-HSE,14,8,0,8,0.0,100.0
222,NR-AR-LBD,14,12,0,12,0.0,100.0
222,NR-ER,14,12,2,10,16.67,83.33
222,SR-ARE,14,7,0,7,0.0,100.0
222,SR-MMP,14,11,2,9,18.18,81.82
222,NR-AhR,14,12,1,11,8.33,91.67
222,NR-ER-LBD,14,12,1,11,8.33,91.67
222,SR-ATAD5,14,13,2,11,15.38,84.62
222,SR-p53,14,12,3,9,25.0,75.0
223,NR-AR,5,4,0,4,0.0,100.0
223,NR-Aromatase,5,4,0,4,0.0,100.0
223,NR-PPAR-gamma,5,3,0,3,0.0,100.0
223,SR-HSE,5,5,0,5,0.0,100.0
223,NR-AR-LBD,5,4,0,4,0.0,100.0
223,NR-ER,5,4,0,4,0.0,100.0
223,SR-ARE,5,3,0,3,0.0,100.0
223,SR-MMP,5,3,0,3,0.0,100.0
223,NR-AhR,5,4,0,4,0.0,100.0
223,NR-ER-LBD,5,4,0,4,0.0,100.0
223,SR-ATAD5,5,4,0,4,0.0,100.0
223,SR-p53,5,4,0,4,0.0,100.0
224,NR-AR,10,10,2,8,20.0,80.0
224,NR-Aromatase,10,8,1,7,12.5,87.5
224,NR-PPAR-gamma,10,10,0,10,0.0,100.0
224,SR-HSE,10,7,0,7,0.0,100.0
224,NR-AR-LBD,10,9,1,8,11.11,88.89
224,NR-ER,10,9,2,7,22.22,77.78
224,SR-ARE,10,6,1,5,16.67,83.33
224,SR-MMP,10,9,1,8,11.11,88.89
224,NR-AhR,10,9,0,9,0.0,100.0
224,NR-ER-LBD,10,10,1,9,10.0,90.0
224,SR-ATAD5,10,10,0,10,0.0,100.0
224,SR-p53,10,9,0,9,0.0,100.0
225,NR-AR,6,5,0,5,0.0,100.0
225,NR-Aromatase,6,5,1,4,20.0,80.0
225,NR-PPAR-gamma,6,5,0,5,0.0,100.0
225,SR-HSE,6,6,0,6,0.0,100.0
225,NR-AR-LBD,6,4,0,4,0.0,100.0
225,NR-ER,6,3,0,3,0.0,100.0
225,SR-ARE,6,6,2,4,33.33,66.67
225,SR-MMP,6,5,1,4,20.0,80.0
225,NR-AhR,6,4,2,2,50.0,50.0
225,NR-ER-LBD,6,5,0,5,0.0,100.0
225,SR-ATAD5,6,5,0,5,0.0,100.0
225,SR-p53,6,5,1,4,20.0,80.0
226,NR-AR,3,1,0,1,0.0,100.0
226,NR-Aromatase,3,1,0,1,0.0,100.0
226,NR-PPAR-gamma,3,1,0,1,0.0,100.0
226,SR-HSE,3,3,1,2,33.33,66.67
226,NR-AR-LBD,3,1,0,1,0.0,100.0
226,NR-ER,3,1,0,1,0.0,100.0
226,SR-ARE,3,1,1,0,100.0,0.0
226,SR-MMP,3,1,0,1,0.0,100.0
226,NR-AhR,3,1,0,1,0.0,100.0
226,NR-ER-LBD,3,1,0,1,0.0,100.0
226,SR-ATAD5,3,1,0,1,0.0,100.0
226,SR-p53,3,1,0,1,0.0,100.0
227,NR-AR,11,11,0,11,0.0,100.0
227,NR-Aromatase,11,7,0,7,0.0,100.0
227,NR-PPAR-gamma,11,8,1,7,12.5,87.5
227,SR-HSE,11,8,2,6,25.0,75.0
227,NR-AR-LBD,11,10,0,10,0.0,100.0
227,NR-ER,11,11,1,10,9.09,90.91
227,SR-ARE,11,6,1,5,16.67,83.33
227,SR-MMP,11,9,1,8,11.11,88.89
227,NR-AhR,11,7,1,6,14.29,85.71
227,NR-ER-LBD,11,9,0,9,0.0,100.0
227,SR-ATAD5,11,10,1,9,10.0,90.0
227,SR-p53,11,10,2,8,20.0,80.0
230,NR-AR,6,6,0,6,0.0,100.0
230,NR-Aromatase,6,5,0,5,0.0,100.0
230,NR-PPAR-gamma,6,6,0,6,0.0,100.0
230,SR-HSE,6,5,0,5,0.0,100.0
230,NR-AR-LBD,6,5,0,5,0.0,100.0
230,NR-ER,6,6,0,6,0.0,100.0
230,SR-ARE,6,5,1,4,20.0,80.0
230,SR-MMP,6,6,0,6,0.0,100.0
230,NR-AhR,6,5,1,4,20.0,80.0
230,NR-ER-LBD,6,6,0,6,0.0,100.0
230,SR-ATAD5,6,6,0,6,0.0,100.0
230,SR-p53,6,5,0,5,0.0,100.0
231,NR-AR,10,8,0,8,0.0,100.0
231,NR-Aromatase,10,8,1,7,12.5,87.5
231,NR-PPAR-gamma,10,6,0,6,0.0,100.0
231,SR-HSE,10,8,0,8,0.0,100.0
231,NR-AR-LBD,10,9,0,9,0.0,100.0
231,NR-ER,10,7,1,6,14.29,85.71
231,SR-ARE,10,8,1,7,12.5,87.5
231,SR-MMP,10,7,1,6,14.29,85.71
231,NR-AhR,10,8,1,7,12.5,87.5
231,NR-ER-LBD,10,9,1,8,11.11,88.89
231,SR-ATAD5,10,9,0,9,0.0,100.0
231,SR-p53,10,8,0,8,0.0,100.0
232,NR-AR,5,5,0,5,0.0,100.0
232,NR-Aromatase,5,4,0,4,0.0,100.0
232,NR-PPAR-gamma,5,4,0,4,0.0,100.0
232,SR-HSE,5,4,0,4,0.0,100.0
232,NR-AR-LBD,5,4,0,4,0.0,100.0
232,NR-ER,5,4,1,3,25.0,75.0
232,SR-ARE,5,4,0,4,0.0,100.0
232,SR-MMP,5,4,0,4,0.0,100.0
232,NR-AhR,5,5,0,5,0.0,100.0
232,NR-ER-LBD,5,5,0,5,0.0,100.0
232,SR-ATAD5,5,5,0,5,0.0,100.0
232,SR-p53,5,4,0,4,0.0,100.0
233,NR-AR,3,3,2,1,66.67,33.33
233,NR-Aromatase,3,2,0,2,0.0,100.0
233,NR-PPAR-gamma,3,3,0,3,0.0,100.0
233,SR-HSE,3,1,0,1,0.0,100.0
233,NR-AR-LBD,3,2,1,1,50.0,50.0
233,NR-ER,3,3,3,0,100.0,0.0
233,SR-ARE,3,1,0,1,0.0,100.0
233,SR-MMP,3,3,0,3,0.0,100.0
233,NR-AhR,3,3,0,3,0.0,100.0
233,NR-ER-LBD,3,3,3,0,100.0,0.0
233,SR-ATAD5,3,3,0,3,0.0,100.0
233,SR-p53,3,2,0,2,0.0,100.0
234,NR-AR,8,8,0,8,0.0,100.0
234,NR-Aromatase,8,6,2,4,33.33,66.67
234,NR-PPAR-gamma,8,6,0,6,0.0,100.0
234,SR-HSE,8,7,1,6,14.29,85.71
234,NR-AR-LBD,8,5,0,5,0.0,100.0
234,NR-ER,8,5,1,4,20.0,80.0
234,SR-ARE,8,6,1,5,16.67,83.33
234,SR-MMP,8,6,2,4,33.33,66.67
234,NR-AhR,8,8,3,5,37.5,62.5
234,NR-ER-LBD,8,6,1,5,16.67,83.33
234,SR-ATAD5,8,7,0,7,0.0,100.0
234,SR-p53,8,6,2,4,33.33,66.67
235,NR-AR,3,2,0,2,0.0,100.0
235,NR-Aromatase,3,2,0,2,0.0,100.0
235,NR-PPAR-gamma,3,2,0,2,0.0,100.0
235,SR-HSE,3,2,0,2,0.0,100.0
235,NR-AR-LBD,3,2,0,2,0.0,100.0
235,NR-ER,3,2,0,2,0.0,100.0
235,SR-ARE,3,1,0,1,0.0,100.0
235,SR-MMP,3,2,0,2,0.0,100.0
235,NR-AhR,3,2,0,2,0.0,100.0
235,NR-ER-LBD,3,2,0,2,0.0,100.0
235,SR-ATAD5,3,2,0,2,0.0,100.0
235,SR-p53,3,2,0,2,0.0,100.0
236,NR-AR,5,5,0,5,0.0,100.0
236,NR-Aromatase,5,4,0,4,0.0,100.0
236,NR-PPAR-gamma,5,5,1,4,20.0,80.0
236,SR-HSE,5,5,2,3,40.0,60.0
236,NR-AR-LBD,5,4,0,4,0.0,100.0
236,NR-ER,5,3,0,3,0.0,100.0
236,SR-ARE,5,5,2,3,40.0,60.0
236,SR-MMP,5,3,0,3,0.0,100.0
236,NR-AhR,5,4,0,4,0.0,100.0
236,NR-ER-LBD,5,5,1,4,20.0,80.0
236,SR-ATAD5,5,4,0,4,0.0,100.0
236,SR-p53,5,4,0,4,0.0,100.0
237,NR-AR,5,4,0,4,0.0,100.0
237,NR-Aromatase,5,3,0,3,0.0,100.0
237,NR-PPAR-gamma,5,5,1,4,20.0,80.0
237,SR-HSE,5,3,0,3,0.0,100.0
237,NR-AR-LBD,5,4,0,4,0.0,100.0
237,NR-ER,5,4,0,4,0.0,100.0
237,SR-ARE,5,4,0,4,0.0,100.0
237,SR-MMP,5,3,0,3,0.0,100.0
237,NR-AhR,5,5,0,5,0.0,100.0
237,NR-ER-LBD,5,2,0,2,0.0,100.0
237,SR-ATAD5,5,5,1,4,20.0,80.0
237,SR-p53,5,5,1,4,20.0,80.0
238,NR-AR,3,3,0,3,0.0,100.0
238,NR-Aromatase,3,2,0,2,0.0,100.0
238,NR-PPAR-gamma,3,3,1,2,33.33,66.67
238,SR-HSE,3,2,0,2,0.0,100.0
238,NR-AR-LBD,3,3,0,3,0.0,100.0
238,NR-ER,3,2,1,1,50.0,50.0
238,SR-ARE,3,2,0,2,0.0,100.0
238,SR-MMP,3,3,1,2,33.33,66.67
238,NR-AhR,3,3,0,3,0.0,100.0
238,NR-ER-LBD,3,3,1,2,33.33,66.67
238,SR-ATAD5,3,2,0,2,0.0,100.0
238,SR-p53,3,2,0,2,0.0,100.0
239,NR-AR,6,5,0,5,0.0,100.0
239,NR-Aromatase,6,5,0,5,0.0,100.0
239,NR-PPAR-gamma,6,4,0,4,0.0,100.0
239,SR-HSE,6,6,0,6,0.0,100.0
239,NR-AR-LBD,6,5,0,5,0.0,100.0
239,NR-ER,6,3,0,3,0.0,100.0
239,SR-ARE,6,6,1,5,16.67,83.33
239,SR-MMP,6,4,0,4,0.0,100.0
239,NR-AhR,6,5,0,5,0.0,100.0
239,NR-ER-LBD,6,5,0,5,0.0,100.0
239,SR-ATAD5,6,5,0,5,0.0,100.0
239,SR-p53,6,5,0,5,0.0,100.0
240,NR-AR,2,2,0,2,0.0,100.0
240,NR-Aromatase,2,2,0,2,0.0,100.0
240,NR-PPAR-gamma,2,2,0,2,0.0,100.0
240,SR-HSE,2,2,0,2,0.0,100.0
240,NR-AR-LBD,2,2,0,2,0.0,100.0
240,NR-ER,2,2,0,2,0.0,100.0
240,SR-ARE,2,2,0,2,0.0,100.0
240,SR-MMP,2,2,0,2,0.0,100.0
240,NR-AhR,2,2,1,1,50.0,50.0
240,NR-ER-LBD,2,2,0,2,0.0,100.0
240,SR-ATAD5,2,2,0,2,0.0,100.0
240,SR-p53,2,2,0,2,0.0,100.0
241,NR-AR,4,3,1,2,33.33,66.67
241,NR-Aromatase,4,1,0,1,0.0,100.0
241,NR-PPAR-gamma,4,3,1,2,33.33,66.67
241,SR-HSE,4,2,0,2,0.0,100.0
241,NR-AR-LBD,4,3,1,2,33.33,66.67
241,NR-ER,4,3,0,3,0.0,100.0
241,SR-ARE,4,1,0,1,0.0,100.0
241,SR-MMP,4,3,1,2,33.33,66.67
241,NR-AhR,4,4,0,4,0.0,100.0
241,NR-ER-LBD,4,2,0,2,0.0,100.0
241,SR-ATAD5,4,3,1,2,33.33,66.67
241,SR-p53,4,4,1,3,25.0,75.0
242,NR-AR,2,2,0,2,0.0,100.0
242,NR-Aromatase,2,2,0,2,0.0,100.0
242,NR-PPAR-gamma,2,2,0,2,0.0,100.0
242,SR-HSE,2,1,0,1,0.0,100.0
242,NR-AR-LBD,2,2,0,2,0.0,100.0
242,NR-ER,2,1,0,1,0.0,100.0
242,SR-ARE,2,1,0,1,0.0,100.0
242,SR-MMP,2,2,1,1,50.0,50.0
242,NR-AhR,2,2,0,2,0.0,100.0
242,NR-ER-LBD,2,1,0,1,0.0,100.0
242,SR-ATAD5,2,2,0,2,0.0,100.0
242,SR-p53,2,2,0,2,0.0,100.0
243,NR-AR,6,5,0,5,0.0,100.0
243,NR-Aromatase,6,4,0,4,0.0,100.0
243,NR-PPAR-gamma,6,5,0,5,0.0,100.0
243,SR-HSE,6,6,0,6,0.0,100.0
243,NR-AR-LBD,6,5,0,5,0.0,100.0
243,NR-ER,6,5,0,5,0.0,100.0
243,SR-ARE,6,6,1,5,16.67,83.33
243,SR-MMP,6,5,0,5,0.0,100.0
243,NR-AhR,6,5,0,5,0.0,100.0
243,NR-ER-LBD,6,5,0,5,0.0,100.0
243,SR-ATAD5,6,5,0,5,0.0,100.0
243,SR-p53,6,5,0,5,0.0,100.0
245,NR-AR,2,2,0,2,0.0,100.0
245,NR-Aromatase,2,2,0,2,0.0,100.0
245,NR-PPAR-gamma,2,2,0,2,0.0,100.0
245,SR-HSE,2,2,0,2,0.0,100.0
245,NR-AR-LBD,2,2,0,2,0.0,100.0
245,NR-ER,2,2,0,2,0.0,100.0
245,SR-ARE,2,2,0,2,0.0,100.0
245,SR-MMP,2,1,0,1,0.0,100.0
245,NR-AhR,2,2,0,2,0.0,100.0
245,NR-ER-LBD,2,2,0,2,0.0,100.0
245,SR-ATAD5,2,2,0,2,0.0,100.0
245,SR-p53,2,2,0,2,0.0,100.0
246,NR-AR,11,10,1,9,10.0,90.0
246,NR-Aromatase,11,7,1,6,14.29,85.71
246,NR-PPAR-gamma,11,10,0,10,0.0,100.0
246,SR-HSE,11,9,0,9,0.0,100.0
246,NR-AR-LBD,11,10,1,9,10.0,90.0
246,NR-ER,11,8,2,6,25.0,75.0
246,SR-ARE,11,9,2,7,22.22,77.78
246,SR-MMP,11,8,1,7,12.5,87.5
246,NR-AhR,11,8,0,8,0.0,100.0
246,NR-ER-LBD,11,10,2,8,20.0,80.0
246,SR-ATAD5,11,10,0,10,0.0,100.0
246,SR-p53,11,9,1,8,11.11,88.89
247,NR-AR,2,2,0,2,0.0,100.0
247,NR-Aromatase,2,2,0,2,0.0,100.0
247,NR-PPAR-gamma,2,2,0,2,0.0,100.0
247,SR-HSE,2,2,0,2,0.0,100.0
247,NR-AR-LBD,2,2,0,2,0.0,100.0
247,NR-ER,2,2,0,2,0.0,100.0
247,SR-MMP,2,1,0,1,0.0,100.0
247,NR-AhR,2,1,0,1,0.0,100.0
247,NR-ER-LBD,2,2,0,2,0.0,100.0
247,SR-ATAD5,2,2,0,2,0.0,100.0
247,SR-p53,2,2,0,2,0.0,100.0
248,NR-AR,24,24,4,20,16.67,83.33
248,NR-Aromatase,24,18,3,15,16.67,83.33
248,NR-PPAR-gamma,24,22,0,22,0.0,100.0
248,SR-HSE,24,21,2,19,9.52,90.48
248,NR-AR-LBD,24,23,3,20,13.04,86.96
248,NR-ER,24,22,4,18,18.18,81.82
248,SR-ARE,24,12,1,11,8.33,91.67
248,SR-MMP,24,19,3,16,15.79,84.21
248,NR-AhR,24,20,2,18,10.0,90.0
248,NR-ER-LBD,24,23,3,20,13.04,86.96
248,SR-ATAD5,24,23,1,22,4.35,95.65
248,SR-p53,24,21,1,20,4.76,95.24
249,NR-AR,12,9,0,9,0.0,100.0
249,NR-Aromatase,12,8,0,8,0.0,100.0
249,NR-PPAR-gamma,12,9,1,8,11.11,88.89
249,SR-HSE,12,11,0,11,0.0,100.0
249,NR-AR-LBD,12,9,0,9,0.0,100.0
249,NR-ER,12,9,0,9,0.0,100.0
249,SR-ARE,12,8,0,8,0.0,100.0
249,SR-MMP,12,8,2,6,25.0,75.0
249,NR-AhR,12,9,0,9,0.0,100.0
249,NR-ER-LBD,12,8,0,8,0.0,100.0
249,SR-ATAD5,12,9,1,8,11.11,88.89
249,SR-p53,12,10,1,9,10.0,90.0
250,NR-AR,7,7,1,6,14.29,85.71
250,NR-Aromatase,7,6,0,6,0.0,100.0
250,NR-PPAR-gamma,7,5,0,5,0.0,100.0
250,SR-HSE,7,5,0,5,0.0,100.0
250,NR-AR-LBD,7,7,1,6,14.29,85.71
250,NR-ER,7,6,2,4,33.33,66.67
250,SR-ARE,7,5,2,3,40.0,60.0
250,SR-MMP,7,3,0,3,0.0,100.0
250,NR-AhR,7,6,1,5,16.67,83.33
250,NR-ER-LBD,7,7,1,6,14.29,85.71
250,SR-ATAD5,7,6,0,6,0.0,100.0
250,SR-p53,7,7,1,6,14.29,85.71
251,NR-AR,8,8,1,7,12.5,87.5
251,NR-Aromatase,8,5,2,3,40.0,60.0
251,NR-PPAR-gamma,8,8,0,8,0.0,100.0
251,SR-HSE,8,7,1,6,14.29,85.71
251,NR-AR-LBD,8,8,1,7,12.5,87.5
251,NR-ER,8,4,2,2,50.0,50.0
251,SR-ARE,8,4,1,3,25.0,75.0
251,SR-MMP,8,8,5,3,62.5,37.5
251,NR-AhR,8,6,2,4,33.33,66.67
251,NR-ER-LBD,8,7,1,6,14.29,85.71
251,SR-ATAD5,8,7,0,7,0.0,100.0
251,SR-p53,8,7,1,6,14.29,85.71
252,NR-AR,6,6,1,5,16.67,83.33
252,NR-Aromatase,6,5,0,5,0.0,100.0
252,NR-PPAR-gamma,6,5,0,5,0.0,100.0
252,SR-HSE,6,4,0,4,0.0,100.0
252,NR-AR-LBD,6,5,1,4,20.0,80.0
252,NR-ER,6,4,1,3,25.0,75.0
252,SR-ARE,6,2,1,1,50.0,50.0
252,SR-MMP,6,5,1,4,20.0,80.0
252,NR-AhR,6,3,0,3,0.0,100.0
252,NR-ER-LBD,6,6,0,6,0.0,100.0
252,SR-ATAD5,6,5,0,5,0.0,100.0
252,SR-p53,6,5,0,5,0.0,100.0
253,NR-AR,1,1,0,1,0.0,100.0
253,NR-PPAR-gamma,1,1,0,1,0.0,100.0
253,SR-HSE,1,1,0,1,0.0,100.0
253,NR-AR-LBD,1,1,0,1,0.0,100.0
253,NR-ER,1,1,0,1,0.0,100.0
253,SR-ARE,1,1,0,1,0.0,100.0
253,SR-MMP,1,1,0,1,0.0,100.0
253,NR-AhR,1,1,0,1,0.0,100.0
253,NR-ER-LBD,1,1,0,1,0.0,100.0
253,SR-ATAD5,1,1,0,1,0.0,100.0
253,SR-p53,1,1,0,1,0.0,100.0
254,NR-AR,12,12,0,12,0.0,100.0
254,NR-Aromatase,12,8,0,8,0.0,100.0
254,NR-PPAR-gamma,12,8,1,7,12.5,87.5
254,SR-HSE,12,9,1,8,11.11,88.89
254,NR-AR-LBD,12,12,1,11,8.33,91.67
254,NR-ER,12,6,0,6,0.0,100.0
254,SR-ARE,12,5,0,5,0.0,100.0
254,SR-MMP,12,7,1,6,14.29,85.71
254,NR-AhR,12,11,2,9,18.18,81.82
254,NR-ER-LBD,12,11,1,10,9.09,90.91
254,SR-ATAD5,12,12,2,10,16.67,83.33
254,SR-p53,12,11,1,10,9.09,90.91
255,NR-AR,16,16,2,14,12.5,87.5
255,NR-Aromatase,16,11,4,7,36.36,63.64
255,NR-PPAR-gamma,16,13,1,12,7.69,92.31
255,SR-HSE,16,13,1,12,7.69,92.31
255,NR-AR-LBD,16,14,2,12,14.29,85.71
255,NR-ER,16,13,1,12,7.69,92.31
255,SR-ARE,16,12,6,6,50.0,50.0
255,SR-MMP,16,10,2,8,20.0,80.0
255,NR-AhR,16,12,0,12,0.0,100.0
255,NR-ER-LBD,16,13,1,12,7.69,92.31
255,SR-ATAD5,16,15,1,14,6.67,93.33
255,SR-p53,16,12,1,11,8.33,91.67
256,NR-AR,2,1,0,1,0.0,100.0
256,NR-Aromatase,2,1,1,0,100.0,0.0
256,NR-PPAR-gamma,2,1,0,1,0.0,100.0
256,SR-HSE,2,1,0,1,0.0,100.0
256,NR-AR-LBD,2,1,0,1,0.0,100.0
256,NR-ER,2,1,1,0,100.0,0.0
256,SR-ARE,2,1,0,1,0.0,100.0
256,SR-MMP,2,1,1,0,100.0,0.0
256,NR-AhR,2,1,1,0,100.0,0.0
256,NR-ER-LBD,2,1,0,1,0.0,100.0
256,SR-ATAD5,2,1,1,0,100.0,0.0
256,SR-p53,2,1,0,1,0.0,100.0
257,NR-AR,7,5,0,5,0.0,100.0
257,NR-Aromatase,7,5,0,5,0.0,100.0
257,NR-PPAR-gamma,7,5,0,5,0.0,100.0
257,SR-HSE,7,7,0,7,0.0,100.0
257,NR-AR-LBD,7,5,0,5,0.0,100.0
257,NR-ER,7,5,1,4,20.0,80.0
257,SR-ARE,7,5,0,5,0.0,100.0
257,SR-MMP,7,5,1,4,20.0,80.0
257,NR-AhR,7,5,0,5,0.0,100.0
257,NR-ER-LBD,7,5,1,4,20.0,80.0
257,SR-ATAD5,7,5,0,5,0.0,100.0
257,SR-p53,7,5,0,5,0.0,100.0
258,NR-AR,6,5,0,5,0.0,100.0
258,NR-Aromatase,6,3,0,3,0.0,100.0
258,NR-PPAR-gamma,6,4,0,4,0.0,100.0
258,SR-HSE,6,4,1,3,25.0,75.0
258,NR-AR-LBD,6,4,0,4,0.0,100.0
258,NR-ER,6,3,0,3,0.0,100.0
258,SR-ARE,6,4,1,3,25.0,75.0
258,SR-MMP,6,4,1,3,25.0,75.0
258,NR-AhR,6,5,0,5,0.0,100.0
258,NR-ER-LBD,6,4,0,4,0.0,100.0
258,SR-ATAD5,6,5,0,5,0.0,100.0
258,SR-p53,6,3,0,3,0.0,100.0
259,NR-AR,3,2,0,2,0.0,100.0
259,NR-Aromatase,3,1,0,1,0.0,100.0
259,NR-PPAR-gamma,3,1,0,1,0.0,100.0
259,SR-HSE,3,3,0,3,0.0,100.0
259,NR-AR-LBD,3,1,0,1,0.0,100.0
259,NR-ER,3,1,0,1,0.0,100.0
259,SR-ARE,3,1,0,1,0.0,100.0
259,SR-MMP,3,2,2,0,100.0,0.0
259,NR-AhR,3,2,0,2,0.0,100.0
259,NR-ER-LBD,3,2,0,2,0.0,100.0
259,SR-ATAD5,3,1,0,1,0.0,100.0
259,SR-p53,3,3,0,3,0.0,100.0
260,NR-AR,1,1,0,1,0.0,100.0
260,NR-Aromatase,1,1,0,1,0.0,100.0
260,NR-PPAR-gamma,1,1,0,1,0.0,100.0
260,SR-HSE,1,1,0,1,0.0,100.0
260,NR-AR-LBD,1,1,0,1,0.0,100.0
260,NR-ER,1,1,0,1,0.0,100.0
260,SR-ARE,1,1,0,1,0.0,100.0
260,SR-MMP,1,1,0,1,0.0,100.0
260,NR-AhR,1,1,0,1,0.0,100.0
260,NR-ER-LBD,1,1,0,1,0.0,100.0
260,SR-ATAD5,1,1,0,1,0.0,100.0
260,SR-p53,1,1,0,1,0.0,100.0
261,NR-AR,4,4,0,4,0.0,100.0
261,NR-Aromatase,4,3,0,3,0.0,100.0
261,NR-PPAR-gamma,4,4,0,4,0.0,100.0
261,SR-HSE,4,2,0,2,0.0,100.0
261,NR-AR-LBD,4,4,0,4,0.0,100.0
261,NR-ER,4,3,0,3,0.0,100.0
261,SR-ARE,4,2,0,2,0.0,100.0
261,SR-MMP,4,4,1,3,25.0,75.0
261,NR-AhR,4,3,0,3,0.0,100.0
261,NR-ER-LBD,4,4,0,4,0.0,100.0
261,SR-ATAD5,4,4,0,4,0.0,100.0
261,SR-p53,4,4,1,3,25.0,75.0
262,NR-AR,6,5,0,5,0.0,100.0
262,NR-Aromatase,6,4,0,4,0.0,100.0
262,NR-PPAR-gamma,6,5,1,4,20.0,80.0
262,SR-HSE,6,4,1,3,25.0,75.0
262,NR-AR-LBD,6,4,0,4,0.0,100.0
262,NR-ER,6,4,0,4,0.0,100.0
262,SR-ARE,6,2,0,2,0.0,100.0
262,SR-MMP,6,4,0,4,0.0,100.0
262,NR-AhR,6,4,0,4,0.0,100.0
262,NR-ER-LBD,6,4,0,4,0.0,100.0
262,SR-ATAD5,6,5,1,4,20.0,80.0
262,SR-p53,6,5,1,4,20.0,80.0
263,NR-AR,25,22,0,22,0.0,100.0
263,NR-Aromatase,25,18,0,18,0.0,100.0
263,NR-PPAR-gamma,25,18,0,18,0.0,100.0
263,SR-HSE,25,23,1,22,4.35,95.65
263,NR-AR-LBD,25,21,0,21,0.0,100.0
263,NR-ER,25,20,0,20,0.0,100.0
263,SR-ARE,25,19,2,17,10.53,89.47
263,SR-MMP,25,19,2,17,10.53,89.47
263,NR-AhR,25,19,3,16,15.79,84.21
263,NR-ER-LBD,25,22,0,22,0.0,100.0
263,SR-ATAD5,25,22,0,22,0.0,100.0
263,SR-p53,25,20,0,20,0.0,100.0
264,NR-AR,21,18,1,17,5.56,94.44
264,NR-Aromatase,21,11,0,11,0.0,100.0
264,NR-PPAR-gamma,21,18,2,16,11.11,88.89
264,SR-HSE,21,17,2,15,11.76,88.24
264,NR-AR-LBD,21,15,0,15,0.0,100.0
264,NR-ER,21,9,0,9,0.0,100.0
264,SR-ARE,21,14,2,12,14.29,85.71
264,SR-MMP,21,14,3,11,21.43,78.57
264,NR-AhR,21,15,2,13,13.33,86.67
264,NR-ER-LBD,21,18,1,17,5.56,94.44
264,SR-ATAD5,21,16,1,15,6.25,93.75
264,SR-p53,21,16,1,15,6.25,93.75
265,NR-AR,1,1,0,1,0.0,100.0
265,NR-PPAR-gamma,1,1,1,0,100.0,0.0
265,NR-ER,1,1,0,1,0.0,100.0
265,NR-AhR,1,1,0,1,0.0,100.0
265,NR-ER-LBD,1,1,0,1,0.0,100.0
265,SR-p53,1,1,0,1,0.0,100.0
267,NR-AR,6,6,0,6,0.0,100.0
267,NR-Aromatase,6,4,0,4,0.0,100.0
267,NR-PPAR-gamma,6,6,0,6,0.0,100.0
267,SR-HSE,6,4,0,4,0.0,100.0
267,NR-AR-LBD,6,6,0,6,0.0,100.0
267,NR-ER,6,4,1,3,25.0,75.0
267,SR-ARE,6,3,0,3,0.0,100.0
267,SR-MMP,6,5,0,5,0.0,100.0
267,NR-AhR,6,5,0,5,0.0,100.0
267,NR-ER-LBD,6,6,0,6,0.0,100.0
267,SR-ATAD5,6,5,0,5,0.0,100.0
267,SR-p53,6,6,0,6,0.0,100.0
268,NR-AR,3,3,0,3,0.0,100.0
268,NR-Aromatase,3,2,0,2,0.0,100.0
268,NR-PPAR-gamma,3,2,0,2,0.0,100.0
268,SR-HSE,3,1,0,1,0.0,100.0
268,NR-AR-LBD,3,2,0,2,0.0,100.0
268,NR-ER,3,2,0,2,0.0,100.0
268,SR-ARE,3,1,0,1,0.0,100.0
268,SR-MMP,3,2,0,2,0.0,100.0
268,NR-AhR,3,3,0,3,0.0,100.0
268,NR-ER-LBD,3,3,1,2,33.33,66.67
268,SR-ATAD5,3,2,0,2,0.0,100.0
268,SR-p53,3,2,0,2,0.0,100.0
269,NR-AR,8,8,1,7,12.5,87.5
269,NR-Aromatase,8,7,2,5,28.57,71.43
269,NR-PPAR-gamma,8,8,1,7,12.5,87.5
269,SR-HSE,8,6,0,6,0.0,100.0
269,NR-AR-LBD,8,8,2,6,25.0,75.0
269,NR-ER,8,6,0,6,0.0,100.0
269,SR-ARE,8,6,1,5,16.67,83.33
269,SR-MMP,8,5,0,5,0.0,100.0
269,NR-AhR,8,8,1,7,12.5,87.5
269,NR-ER-LBD,8,7,0,7,0.0,100.0
269,SR-ATAD5,8,8,0,8,0.0,100.0
269,SR-p53,8,8,2,6,25.0,75.0
270,NR-AR,5,4,0,4,0.0,100.0
270,NR-Aromatase,5,2,0,2,0.0,100.0
270,NR-PPAR-gamma,5,4,1,3,25.0,75.0
270,SR-HSE,5,4,0,4,0.0,100.0
270,NR-AR-LBD,5,4,0,4,0.0,100.0
270,NR-ER,5,3,0,3,0.0,100.0
270,SR-ARE,5,4,0,4,0.0,100.0
270,SR-MMP,5,4,0,4,0.0,100.0
270,NR-AhR,5,4,1,3,25.0,75.0
270,NR-ER-LBD,5,4,0,4,0.0,100.0
270,SR-ATAD5,5,4,0,4,0.0,100.0
270,SR-p53,5,4,0,4,0.0,100.0
271,NR-AR,4,4,0,4,0.0,100.0
271,NR-Aromatase,4,3,0,3,0.0,100.0
271,NR-PPAR-gamma,4,4,0,4,0.0,100.0
271,SR-HSE,4,4,1,3,25.0,75.0
271,NR-AR-LBD,4,3,0,3,0.0,100.0
271,NR-ER,4,4,1,3,25.0,75.0
271,SR-ARE,4,2,0,2,0.0,100.0
271,SR-MMP,4,3,1,2,33.33,66.67
271,NR-AhR,4,3,0,3,0.0,100.0
271,NR-ER-LBD,4,4,1,3,25.0,75.0
271,SR-ATAD5,4,4,0,4,0.0,100.0
271,SR-p53,4,4,1,3,25.0,75.0
272,NR-AR,3,2,0,2,0.0,100.0
272,NR-Aromatase,3,2,0,2,0.0,100.0
272,NR-PPAR-gamma,3,1,0,1,0.0,100.0
272,SR-HSE,3,2,0,2,0.0,100.0
272,NR-AR-LBD,3,2,0,2,0.0,100.0
272,NR-ER,3,2,0,2,0.0,100.0
272,SR-ARE,3,2,0,2,0.0,100.0
272,SR-MMP,3,1,0,1,0.0,100.0
272,NR-AhR,3,1,0,1,0.0,100.0
272,NR-ER-LBD,3,2,0,2,0.0,100.0
272,SR-ATAD5,3,2,0,2,0.0,100.0
272,SR-p53,3,2,0,2,0.0,100.0
273,NR-AR,11,11,2,9,18.18,81.82
273,NR-Aromatase,11,7,0,7,0.0,100.0
273,NR-PPAR-gamma,11,10,1,9,10.0,90.0
273,SR-HSE,11,7,1,6,14.29,85.71
273,NR-AR-LBD,11,11,2,9,18.18,81.82
273,NR-ER,11,11,5,6,45.45,54.55
273,SR-ARE,11,5,1,4,20.0,80.0
273,SR-MMP,11,7,3,4,42.86,57.14
273,NR-AhR,11,8,0,8,0.0,100.0
273,NR-ER-LBD,11,9,3,6,33.33,66.67
273,SR-ATAD5,11,11,3,8,27.27,72.73
273,SR-p53,11,11,4,7,36.36,63.64
274,NR-AR,6,6,0,6,0.0,100.0
274,NR-Aromatase,6,3,0,3,0.0,100.0
274,NR-PPAR-gamma,6,4,0,4,0.0,100.0
274,SR-HSE,6,4,0,4,0.0,100.0
274,NR-AR-LBD,6,4,1,3,25.0,75.0
274,NR-ER,6,3,1,2,33.33,66.67
274,SR-ARE,6,2,0,2,0.0,100.0
274,SR-MMP,6,4,2,2,50.0,50.0
274,NR-AhR,6,6,1,5,16.67,83.33
274,NR-ER-LBD,6,5,1,4,20.0,80.0
274,SR-ATAD5,6,4,1,3,25.0,75.0
274,SR-p53,6,4,2,2,50.0,50.0
275,NR-AR,3,3,0,3,0.0,100.0
275,NR-Aromatase,3,2,0,2,0.0,100.0
275,NR-PPAR-gamma,3,2,0,2,0.0,100.0
275,SR-HSE,3,2,0,2,0.0,100.0
275,NR-AR-LBD,3,3,0,3,0.0,100.0
275,NR-ER,3,2,2,0,100.0,0.0
275,SR-ARE,3,2,0,2,0.0,100.0
275,SR-MMP,3,2,1,1,50.0,50.0
275,NR-AhR,3,2,0,2,0.0,100.0
275,NR-ER-LBD,3,3,1,2,33.33,66.67
275,SR-ATAD5,3,2,0,2,0.0,100.0
275,SR-p53,3,2,0,2,0.0,100.0
276,NR-AR,3,3,1,2,33.33,66.67
276,NR-Aromatase,3,2,0,2,0.0,100.0
276,NR-PPAR-gamma,3,3,0,3,0.0,100.0
276,SR-HSE,3,3,0,3,0.0,100.0
276,NR-AR-LBD,3,3,0,3,0.0,100.0
276,NR-ER,3,3,1,2,33.33,66.67
276,SR-ARE,3,2,0,2,0.0,100.0
276,SR-MMP,3,2,1,1,50.0,50.0
276,NR-AhR,3,2,0,2,0.0,100.0
276,NR-ER-LBD,3,2,1,1,50.0,50.0
276,SR-ATAD5,3,3,0,3,0.0,100.0
276,SR-p53,3,3,0,3,0.0,100.0
277,NR-AR,1,1,0,1,0.0,100.0
277,NR-Aromatase,1,1,0,1,0.0,100.0
277,SR-HSE,1,1,0,1,0.0,100.0
277,NR-AR-LBD,1,1,0,1,0.0,100.0
277,NR-AhR,1,1,0,1,0.0,100.0
277,NR-ER-LBD,1,1,0,1,0.0,100.0
277,SR-ATAD5,1,1,0,1,0.0,100.0
277,SR-p53,1,1,0,1,0.0,100.0
278,NR-AR,6,5,1,4,20.0,80.0
278,NR-Aromatase,6,4,0,4,0.0,100.0
278,NR-PPAR-gamma,6,3,0,3,0.0,100.0
278,SR-HSE,6,3,1,2,33.33,66.67
278,NR-AR-LBD,6,5,0,5,0.0,100.0
278,NR-ER,6,6,1,5,16.67,83.33
278,SR-ARE,6,3,0,3,0.0,100.0
278,SR-MMP,6,2,0,2,0.0,100.0
278,NR-AhR,6,4,2,2,50.0,50.0
278,NR-ER-LBD,6,6,1,5,16.67,83.33
278,SR-ATAD5,6,5,0,5,0.0,100.0
278,SR-p53,6,5,0,5,0.0,100.0
279,NR-AR,4,4,0,4,0.0,100.0
279,NR-Aromatase,4,3,1,2,33.33,66.67
279,NR-PPAR-gamma,4,3,0,3,0.0,100.0
279,SR-HSE,4,3,0,3,0.0,100.0
279,NR-AR-LBD,4,4,0,4,0.0,100.0
279,NR-ER,4,3,0,3,0.0,100.0
279,SR-ARE,4,2,0,2,0.0,100.0
279,SR-MMP,4,3,0,3,0.0,100.0
279,NR-AhR,4,3,0,3,0.0,100.0
279,NR-ER-LBD,4,2,0,2,0.0,100.0
279,SR-ATAD5,4,3,0,3,0.0,100.0
279,SR-p53,4,4,2,2,50.0,50.0
280,NR-AR,11,10,0,10,0.0,100.0
280,NR-Aromatase,11,8,1,7,12.5,87.5
280,NR-PPAR-gamma,11,10,0,10,0.0,100.0
280,SR-HSE,11,9,0,9,0.0,100.0
280,NR-AR-LBD,11,10,0,10,0.0,100.0
280,NR-ER,11,10,2,8,20.0,80.0
280,SR-ARE,11,8,2,6,25.0,75.0
280,SR-MMP,11,8,2,6,25.0,75.0
280,NR-AhR,11,10,0,10,0.0,100.0
280,NR-ER-LBD,11,10,1,9,10.0,90.0
280,SR-ATAD5,11,11,0,11,0.0,100.0
280,SR-p53,11,11,2,9,18.18,81.82
281,NR-AR,1,1,0,1,0.0,100.0
281,NR-Aromatase,1,1,0,1,0.0,100.0
281,NR-PPAR-gamma,1,1,0,1,0.0,100.0
281,SR-HSE,1,1,0,1,0.0,100.0
281,NR-AR-LBD,1,1,0,1,0.0,100.0
281,NR-ER,1,1,0,1,0.0,100.0
281,SR-ARE,1,1,0,1,0.0,100.0
281,SR-MMP,1,1,0,1,0.0,100.0
281,NR-AhR,1,1,0,1,0.0,100.0
281,NR-ER-LBD,1,1,0,1,0.0,100.0
281,SR-ATAD5,1,1,0,1,0.0,100.0
281,SR-p53,1,1,0,1,0.0,100.0
282,NR-AR,4,4,1,3,25.0,75.0
282,NR-Aromatase,4,3,1,2,33.33,66.67
282,NR-PPAR-gamma,4,3,0,3,0.0,100.0
282,SR-HSE,4,4,0,4,0.0,100.0
282,NR-AR-LBD,4,4,1,3,25.0,75.0
282,NR-ER,4,3,0,3,0.0,100.0
282,SR-ARE,4,3,1,2,33.33,66.67
282,SR-MMP,4,3,0,3,0.0,100.0
282,NR-AhR,4,3,0,3,0.0,100.0
282,NR-ER-LBD,4,4,0,4,0.0,100.0
282,SR-ATAD5,4,4,0,4,0.0,100.0
282,SR-p53,4,4,0,4,0.0,100.0
283,NR-AR,6,6,0,6,0.0,100.0
283,NR-Aromatase,6,5,0,5,0.0,100.0
283,NR-PPAR-gamma,6,5,0,5,0.0,100.0
283,SR-HSE,6,6,0,6,0.0,100.0
283,NR-AR-LBD,6,6,0,6,0.0,100.0
283,NR-ER,6,6,0,6,0.0,100.0
283,SR-ARE,6,5,1,4,20.0,80.0
283,SR-MMP,6,3,0,3,0.0,100.0
283,NR-AhR,6,5,1,4,20.0,80.0
283,NR-ER-LBD,6,6,0,6,0.0,100.0
283,SR-ATAD5,6,6,0,6,0.0,100.0
283,SR-p53,6,6,0,6,0.0,100.0
284,NR-AR,5,5,1,4,20.0,80.0
284,NR-Aromatase,5,5,1,4,20.0,80.0
284,NR-PPAR-gamma,5,4,0,4,0.0,100.0
284,SR-HSE,5,4,0,4,0.0,100.0
284,NR-AR-LBD,5,5,1,4,20.0,80.0
284,NR-ER,5,3,0,3,0.0,100.0
284,SR-ARE,5,3,1,2,33.33,66.67
284,SR-MMP,5,3,0,3,0.0,100.0
284,NR-AhR,5,5,0,5,0.0,100.0
284,NR-ER-LBD,5,5,0,5,0.0,100.0
284,SR-ATAD5,5,5,0,5,0.0,100.0
284,SR-p53,5,5,0,5,0.0,100.0
285,NR-AR,2,2,0,2,0.0,100.0
285,NR-Aromatase,2,1,0,1,0.0,100.0
285,NR-PPAR-gamma,2,1,0,1,0.0,100.0
285,SR-HSE,2,2,0,2,0.0,100.0
285,NR-AR-LBD,2,2,0,2,0.0,100.0
285,NR-ER,2,2,0,2,0.0,100.0
285,SR-ARE,2,1,0,1,0.0,100.0
285,SR-MMP,2,1,0,1,0.0,100.0
285,NR-AhR,2,2,1,1,50.0,50.0
285,NR-ER-LBD,2,2,0,2,0.0,100.0
285,SR-ATAD5,2,2,0,2,0.0,100.0
285,SR-p53,2,2,0,2,0.0,100.0
286,NR-AR,6,5,0,5,0.0,100.0
286,NR-Aromatase,6,4,1,3,25.0,75.0
286,NR-PPAR-gamma,6,5,1,4,20.0,80.0
286,SR-HSE,6,4,0,4,0.0,100.0
286,NR-AR-LBD,6,5,0,5,0.0,100.0
286,NR-ER,6,5,0,5,0.0,100.0
286,SR-ARE,6,3,1,2,33.33,66.67
286,SR-MMP,6,5,0,5,0.0,100.0
286,NR-AhR,6,4,0,4,0.0,100.0
286,NR-ER-LBD,6,3,0,3,0.0,100.0
286,SR-ATAD5,6,5,0,5,0.0,100.0
286,SR-p53,6,4,1,3,25.0,75.0
287,NR-AR,35,32,2,30,6.25,93.75
287,NR-Aromatase,35,24,2,22,8.33,91.67
287,NR-PPAR-gamma,35,28,0,28,0.0,100.0
287,SR-HSE,35,28,1,27,3.57,96.43
287,NR-AR-LBD,35,30,0,30,0.0,100.0
287,NR-ER,35,26,5,21,19.23,80.77
287,SR-ARE,35,25,6,19,24.0,76.0
287,SR-MMP,35,27,8,19,29.63,70.37
287,NR-AhR,35,26,11,15,42.31,57.69
287,NR-ER-LBD,35,26,2,24,7.69,92.31
287,SR-ATAD5,35,30,1,29,3.33,96.67
287,SR-p53,35,31,4,27,12.9,87.1
288,NR-AR,6,6,0,6,0.0,100.0
288,NR-Aromatase,6,5,2,3,40.0,60.0
288,NR-PPAR-gamma,6,5,1,4,20.0,80.0
288,SR-HSE,6,4,0,4,0.0,100.0
288,NR-AR-LBD,6,6,1,5,16.67,83.33
288,NR-ER,6,6,0,6,0.0,100.0
288,SR-ARE,6,3,1,2,33.33,66.67
288,SR-MMP,6,3,1,2,33.33,66.67
288,NR-AhR,6,5,0,5,0.0,100.0
288,NR-ER-LBD,6,5,0,5,0.0,100.0
288,SR-ATAD5,6,6,0,6,0.0,100.0
288,SR-p53,6,6,1,5,16.67,83.33
289,NR-AR,5,5,0,5,0.0,100.0
289,NR-Aromatase,5,5,0,5,0.0,100.0
289,NR-PPAR-gamma,5,5,1,4,20.0,80.0
289,SR-HSE,5,5,0,5,0.0,100.0
289,NR-AR-LBD,5,5,0,5,0.0,100.0
289,NR-ER,5,3,0,3,0.0,100.0
289,SR-ARE,5,4,0,4,0.0,100.0
289,SR-MMP,5,4,0,4,0.0,100.0
289,NR-AhR,5,4,2,2,50.0,50.0
289,NR-ER-LBD,5,5,0,5,0.0,100.0
289,SR-ATAD5,5,5,0,5,0.0,100.0
289,SR-p53,5,5,0,5,0.0,100.0
290,NR-AR,3,3,0,3,0.0,100.0
290,NR-Aromatase,3,2,0,2,0.0,100.0
290,NR-PPAR-gamma,3,3,0,3,0.0,100.0
290,SR-HSE,3,3,0,3,0.0,100.0
290,NR-AR-LBD,3,3,0,3,0.0,100.0
290,NR-ER,3,3,0,3,0.0,100.0
290,SR-ARE,3,3,0,3,0.0,100.0
290,SR-MMP,3,2,0,2,0.0,100.0
290,NR-AhR,3,3,0,3,0.0,100.0
290,NR-ER-LBD,3,3,0,3,0.0,100.0
290,SR-ATAD5,3,3,0,3,0.0,100.0
290,SR-p53,3,3,0,3,0.0,100.0
291,NR-AR,10,8,0,8,0.0,100.0
291,NR-Aromatase,10,7,0,7,0.0,100.0
291,NR-PPAR-gamma,10,7,0,7,0.0,100.0
291,SR-HSE,10,8,0,8,0.0,100.0
291,NR-AR-LBD,10,7,0,7,0.0,100.0
291,NR-ER,10,7,0,7,0.0,100.0
291,SR-ARE,10,6,0,6,0.0,100.0
291,SR-MMP,10,9,3,6,33.33,66.67
291,NR-AhR,10,8,0,8,0.0,100.0
291,NR-ER-LBD,10,8,0,8,0.0,100.0
291,SR-ATAD5,10,7,0,7,0.0,100.0
291,SR-p53,10,9,0,9,0.0,100.0
292,NR-AR,12,12,0,12,0.0,100.0
292,NR-Aromatase,12,11,0,11,0.0,100.0
292,NR-PPAR-gamma,12,11,0,11,0.0,100.0
292,SR-HSE,12,10,1,9,10.0,90.0
292,NR-AR-LBD,12,11,0,11,0.0,100.0
292,NR-ER,12,12,0,12,0.0,100.0
292,SR-ARE,12,9,0,9,0.0,100.0
292,SR-MMP,12,10,0,10,0.0,100.0
292,NR-AhR,12,9,0,9,0.0,100.0
292,NR-ER-LBD,12,12,0,12,0.0,100.0
292,SR-ATAD5,12,12,0,12,0.0,100.0
292,SR-p53,12,11,1,10,9.09,90.91
293,NR-AR,26,25,4,21,16.0,84.0
293,NR-Aromatase,26,18,2,16,11.11,88.89
293,NR-PPAR-gamma,26,14,0,14,0.0,100.0
293,SR-HSE,26,19,3,16,15.79,84.21
293,NR-AR-LBD,26,22,3,19,13.64,86.36
293,NR-ER,26,20,4,16,20.0,80.0
293,SR-ARE,26,16,3,13,18.75,81.25
293,SR-MMP,26,19,7,12,36.84,63.16
293,NR-AhR,26,20,2,18,10.0,90.0
293,NR-ER-LBD,26,21,2,19,9.52,90.48
293,SR-ATAD5,26,22,1,21,4.55,95.45
293,SR-p53,26,23,4,19,17.39,82.61
294,NR-AR,1,1,0,1,0.0,100.0
294,SR-HSE,1,1,0,1,0.0,100.0
294,NR-AR-LBD,1,1,0,1,0.0,100.0
294,SR-ARE,1,1,0,1,0.0,100.0
294,NR-AhR,1,1,1,0,100.0,0.0
294,NR-ER-LBD,1,1,0,1,0.0,100.0
294,SR-ATAD5,1,1,0,1,0.0,100.0
294,SR-p53,1,1,0,1,0.0,100.0
295,NR-AR,9,7,0,7,0.0,100.0
295,NR-Aromatase,9,6,0,6,0.0,100.0
295,NR-PPAR-gamma,9,5,1,4,20.0,80.0
295,SR-HSE,9,6,1,5,16.67,83.33
295,NR-AR-LBD,9,6,1,5,16.67,83.33
295,NR-ER,9,6,2,4,33.33,66.67
295,SR-ARE,9,6,2,4,33.33,66.67
295,SR-MMP,9,7,1,6,14.29,85.71
295,NR-AhR,9,5,0,5,0.0,100.0
295,NR-ER-LBD,9,6,1,5,16.67,83.33
295,SR-ATAD5,9,7,1,6,14.29,85.71
295,SR-p53,9,6,0,6,0.0,100.0
296,NR-AR,7,7,0,7,0.0,100.0
296,NR-Aromatase,7,3,1,2,33.33,66.67
296,NR-PPAR-gamma,7,4,0,4,0.0,100.0
296,SR-HSE,7,4,0,4,0.0,100.0
296,NR-AR-LBD,7,3,0,3,0.0,100.0
296,NR-ER,7,3,0,3,0.0,100.0
296,SR-ARE,7,3,2,1,66.67,33.33
296,SR-MMP,7,5,2,3,40.0,60.0
296,NR-AhR,7,7,0,7,0.0,100.0
296,NR-ER-LBD,7,5,0,5,0.0,100.0
296,SR-ATAD5,7,4,0,4,0.0,100.0
296,SR-p53,7,2,0,2,0.0,100.0
297,NR-AR,3,2,0,2,0.0,100.0
297,NR-Aromatase,3,1,0,1,0.0,100.0
297,NR-PPAR-gamma,3,1,0,1,0.0,100.0
297,SR-HSE,3,3,1,2,33.33,66.67
297,NR-AR-LBD,3,1,0,1,0.0,100.0
297,NR-ER,3,1,0,1,0.0,100.0
297,SR-ARE,3,3,1,2,33.33,66.67
297,SR-MMP,3,2,0,2,0.0,100.0
297,NR-AhR,3,2,0,2,0.0,100.0
297,NR-ER-LBD,3,1,0,1,0.0,100.0
297,SR-ATAD5,3,2,1,1,50.0,50.0
297,SR-p53,3,2,1,1,50.0,50.0
298,NR-AR,1,1,0,1,0.0,100.0
298,NR-Aromatase,1,1,0,1,0.0,100.0
298,NR-PPAR-gamma,1,1,0,1,0.0,100.0
298,SR-HSE,1,1,0,1,0.0,100.0
298,NR-AhR,1,1,0,1,0.0,100.0
298,NR-ER-LBD,1,1,0,1,0.0,100.0
298,SR-ATAD5,1,1,0,1,0.0,100.0
298,SR-p53,1,1,0,1,0.0,100.0
299,NR-AR,2,2,0,2,0.0,100.0
299,NR-Aromatase,2,2,0,2,0.0,100.0
299,NR-PPAR-gamma,2,2,0,2,0.0,100.0
299,SR-HSE,2,2,0,2,0.0,100.0
299,NR-AR-LBD,2,2,0,2,0.0,100.0
299,NR-ER,2,1,0,1,0.0,100.0
299,SR-ARE,2,2,1,1,50.0,50.0
299,SR-MMP,2,2,0,2,0.0,100.0
299,NR-AhR,2,2,2,0,100.0,0.0
299,NR-ER-LBD,2,2,0,2,0.0,100.0
299,SR-ATAD5,2,2,0,2,0.0,100.0
299,SR-p53,2,2,1,1,50.0,50.0
