cluster,n_bits,chemical_label,physchem_flags,top_fg,top_smarts,rep_smiles,rep_mw,rep_logp,rep_hbd,rep_hba,rep_tpsa,rep_arom_rings,rep_frac_csp3,mean_importance_rank
0,20,Ether / Carboxylic acid,low-MW fragment,Ether; Carboxylic acid; Ester; Hydroxyl (aliphatic); Ketone,[#6]-[#6]=[#6]; [#6]=[#6]-[#6]; [#6]-[#6](:[#6]:[#6]:[#6]):[#6],O=C(O)c1ccc(Cl)cc1Cl,191.0,2.69,1,1,37.3,1,0.0,17.266666666666666
1,6,Hydroxyl (aliphatic) / Primary amine,low-MW fragment,Hydroxyl (aliphatic); Primary amine; Halogen (F); Thioether; Thiol,[#6]-[#6](:[#6]):[#6]:[#6](:[#6])-[#8]; [#6]-[#6]-[#6]-[#6](-[#6])-[#6]; [#6]/[#7]=[#6](\[#7])-[#7],O=C(O)c1ccc(Cl)cc1Cl,191.0,2.69,1,1,37.3,1,0.0,167.91666666666666
2,14,Amide / Hydroxyl (aliphatic),low-MW fragment,Amide; Hydroxyl (aliphatic); Primary amine; Carboxylic acid; Halogen (Br),[#6]-[#6](=[#8])-[#7]; [#6]-[#7]-[#6](:[#6]:[#6]):[#6]:[#6]; [#6]:[#6]:[#6](-[#7]-[#6]):[#6]:[#6],O=C(O)c1ccc(Cl)cc1Cl,191.0,2.69,1,1,37.3,1,0.0,42.63333333333333
3,6,Hydroxyl (aliphatic) / Halogen (Cl),low-MW fragment,Hydroxyl (aliphatic); Halogen (Cl); Cyano; Ether; Amide,[#7]-[#6](=[#7])-[#6]; [#6]-[#6](=[#6]-[#6]-[#6@@H])-[#6@@H]; [#7]:[#6]:[#6]:[#6]:[#6],O=C(O)c1ccc(Cl)cc1Cl,191.0,2.69,1,1,37.3,1,0.0,167.33333333333334
4,9,Ether / Ketone,low-MW fragment,Ether; Ketone; Amide; Thioether; Hydroxyl (aliphatic),[#6]-[#7](-[#6])-[#6]; [#6]:[#6]:[#6](-[#8]):[#6](:[#6]):[#6]; [#6]-[#8]-[#6](=[#8])-[#6],O=C(O)c1ccc(Cl)cc1Cl,191.0,2.69,1,1,37.3,1,0.0,92.13333333333334
5,4,Halogen (Cl) / Sulfonamide,low-MW fragment,Halogen (Cl); Sulfonamide; Hydroxyl (aliphatic); Ether; Secondary amine,[#6]-[#6](-[#17])(-[#17])-[#17]; [#6]-[#6](:[#6]):[#6](:[#6]:[#6])-[#16](=[#8])(=[#8])-[#7]; [#7]-[#16](=[#8])(=[#8])-[#6](:[#6]:[#6]):[#6](:[#6])-[#6],O=C(O)c1ccc(Cl)cc1Cl,191.0,2.69,1,1,37.3,1,0.0,209.26666666666668
6,18,Primary amine / Tertiary amine,low-MW fragment,Primary amine; Tertiary amine; Ether; Hydroxyl (aliphatic); Ketone,[#6]:[#6]:[#6]:[#6](:[#6]):[#6]; [#6]:[#6](:[#6]:[#6]:[#6]):[#6]; [#6]-[#7](-[#6])-[#6],O=C(O)c1ccc(Cl)cc1Cl,191.0,2.69,1,1,37.3,1,0.0,19.033333333333335
7,33,Primary amine / Tertiary amine,low-MW fragment,Primary amine; Tertiary amine; Thiol; Halogen (F); Amide,[#6]-[#7](-[#6])-[#6]; [#6]-[#7](-[#6])-[#6]-[#6]-[#7]; [#7]-[#6]-[#6]-[#7](-[#6])-[#6],O=C(O)c1ccc(Cl)cc1Cl,191.0,2.69,1,1,37.3,1,0.0,17.75
8,6,Hydroxyl (aliphatic) / Ether,low-MW fragment,Hydroxyl (aliphatic); Ether,[#6]:[#7](-[#6]-[#6]-[#8]):[#6]; [#7]=[#6](-[#6]-[#6]-[#6])-[#7]; [#6](-[#6@@H](-[#6@H](-[#6@@H])-[#6@])-[#8]-[#6@])-[#6@@H],O=C(O)c1ccc(Cl)cc1Cl,191.0,2.69,1,1,37.3,1,0.0,207.1
9,3,Primary amine / Ketone,low-MW fragment,Primary amine; Ketone; Amide; Thiol,[#6]:[#6](-[#7]):[#7]; [#7]-[#6](:[#6]):[#7]; [#6]-[#6](=[#8])-[#7]-[#6](:[#6]):[#6],O=C(O)c1ccc(Cl)cc1Cl,191.0,2.69,1,1,37.3,1,0.0,219.28333333333333
10,17,Tertiary amine / Primary amine,low-MW fragment,Tertiary amine; Primary amine; Hydroxyl (aliphatic); Carboxylic acid; Ether,[#6]-[#7](-[#6])-[#6]; [#6]-[#7](-[#6])-[#6]-[#6]-[#6]; [#6]-[#7](-[#6])-[#6]-[#6],O=C(O)c1ccc(Cl)cc1Cl,191.0,2.69,1,1,37.3,1,0.0,19.666666666666668
11,2,Ether / Primary amine,low-MW fragment,Ether; Primary amine,[#6]-[#6]-[#6]-[#6](:[#7]):[#7]; [#7]-[#6](:[#6]:[#6](-[#6]):[#6]):[#6]; [#7]-[#6@H](-[#6@H])-[#6],O=C(O)c1ccc(Cl)cc1Cl,191.0,2.69,1,1,37.3,1,0.0,280.48333333333335
12,6,Primary amine / Secondary amine,low-MW fragment,Primary amine; Secondary amine; Tertiary amine; Cyano; Thiol,[#6]-[#7]-[#6]; [#6]-[#6]-[#7]; [#7]-[#6]-[#6],O=C(O)c1ccc(Cl)cc1Cl,191.0,2.69,1,1,37.3,1,0.0,76.58333333333333
13,6,Thiol / Carboxylic acid,low-MW fragment,Thiol; Carboxylic acid; Halogen (Cl); Secondary amine; Primary amine,[#16+]:[#6](:[#6]):[#6]; [#6]:[#6](:[#16+]):[#6]; [#7]:[#16]:[#6],O=C(O)c1ccc(Cl)cc1Cl,191.0,2.69,1,1,37.3,1,0.0,148.4
14,5,Ether / Hydroxyl (aliphatic),low-MW fragment,Ether; Hydroxyl (aliphatic); Thiol; Sulfonamide; Carboxylic acid,[#6]-[#8]-[#6](:[#6]:[#6]):[#6]:[#6]; [#6]:[#6](-[#16]):[#6]:[#6](-[#16]):[#6]; [#6]-[#7]-[#16](=[#8])(=[#8])-[#6](:[#6]):[#6],O=C(O)c1ccc(Cl)cc1Cl,191.0,2.69,1,1,37.3,1,0.0,189.85
15,26,Hydroxyl (aliphatic) / Amide,low-MW fragment,Hydroxyl (aliphatic); Amide; Thiol; Ether; Primary amine,[#6]:[#6](-[#8]):[#6]; [#6]:[#6](-[#7]):[#6]:[#6]:[#6]; [#6]:[#6]:[#6]:[#6](-[#7]):[#6],O=C(O)c1ccc(Cl)cc1Cl,191.0,2.69,1,1,37.3,1,0.0,61.15
16,4,Thiol / Hydroxyl (aliphatic),low-MW fragment,Thiol; Hydroxyl (aliphatic); Thioether; Tertiary amine,[#6]-[#6]-[#16]; [#16]-[#6]-[#6]; [#6]:[#6](-[#8]):[#6](-[#6](-[#6])(-[#6])-[#6]):[#6]:[#6],O=C(O)c1ccc(Cl)cc1Cl,191.0,2.69,1,1,37.3,1,0.0,233.6
17,5,Primary amine / Hydroxyl (aliphatic),low-MW fragment,Primary amine; Hydroxyl (aliphatic); Thiol; Thioether; Ether,[#6]-[#7]; [#6]=[#6]/[#6]=[#6](\[#6])-[#6]; [#6]-[#6](-[#6])(-[#6]-[#6]-[#6])-[#6],O=C(O)c1ccc(Cl)cc1Cl,191.0,2.69,1,1,37.3,1,0.0,190.4
18,4,Primary amine / Thioether,low-MW fragment,Primary amine; Thioether; Secondary amine; Hydroxyl (aliphatic),[#6]-[#6](-[#6])(-[#6])-[#7]; [#6]-[#16]-[#6](-[#6])(-[#6])-[#16]-[#6]; [#7]-[#6](-[#6])(-[#6])-[#6],O=C(O)c1ccc(Cl)cc1Cl,191.0,2.69,1,1,37.3,1,0.0,211.91666666666666
19,4,Amide / Ether,low-MW fragment,Amide; Ether; Sulfonamide; Primary amine; Tertiary amine,[#8]-[Si](-[#6])(-[#6])-[#8]; [#6]=[#6]-[#6]-[#8]-[#6]; [#6]-[#6](-[#6](:[#6]:[#6]):[#6]:[#6])(-[#6])-[#6],O=C(O)c1ccc(Cl)cc1Cl,191.0,2.69,1,1,37.3,1,0.0,165.86666666666667
20,4,Thiol / Primary amine,low-MW fragment,Thiol; Primary amine; Tertiary amine,[#6]-[#6](-[#6])(-[#6])-[#6]; [#6]-[#6]#[#6]; [#6]#[#6]-[#6],O=C(O)c1ccc(Cl)cc1Cl,191.0,2.69,1,1,37.3,1,0.0,155.15
21,13,Halogen (Cl) / Primary amine,low-MW fragment,Halogen (Cl); Primary amine; Amide; Carboxylic acid; Ether,[#6]-[#17]; [#6](-[#6@@H])(=[#8])-[#7]; [#6](-[#6@H])(=[#8])-[#7],O=C(O)c1ccc(Cl)cc1Cl,191.0,2.69,1,1,37.3,1,0.0,83.36666666666666
22,13,Thiol / Primary amine,low-MW fragment,Thiol; Primary amine; Sulfonamide; Ether; Ester,[#6]-[#6]-[#8]-[#6](=[#8])-[#6]; [#6]=[#6](-[#6])-[#16]; [#16]-[#6](-[#6])=[#6],O=C(O)c1ccc(Cl)cc1Cl,191.0,2.69,1,1,37.3,1,0.0,86.31666666666666
23,30,Ether / Hydroxyl (aliphatic),low-MW fragment,Ether; Hydroxyl (aliphatic); Primary amine; Ester; Halogen (Cl),[#7]-[#6]-[#6]-[#8]-[#6]; [#6]-[#8]-[#6](=[#8])-[#6@@H]; [#6]-[#6@@H](-[#8]-[#6](=[#8])-[#6@H])-[#6@],O=C(O)c1ccc(Cl)cc1Cl,191.0,2.69,1,1,37.3,1,0.0,55.95
24,21,Thiol / Ether,low-MW fragment,Thiol; Ether; Hydroxyl (aliphatic); Primary amine; Amide,[#15]-[#8]-[#6]; [#6]-[#8]-[#15]; [#6]:[#6](-[#17]):[#6]:[#6](-[#7]):[#6],O=C(O)c1ccc(Cl)cc1Cl,191.0,2.69,1,1,37.3,1,0.0,43.833333333333336
25,8,Primary amine / Tertiary amine,low-MW fragment,Primary amine; Tertiary amine; Hydroxyl (aliphatic); Ether,[#6]-[#6]-[#6]-[#6]-[#6]; [#6](-[#6]-[#6])-[#6]-[#6]; [#6](-[#6]-[#6]-[#6])-[#6],O=C(O)c1ccc(Cl)cc1Cl,191.0,2.69,1,1,37.3,1,0.0,40.96666666666667
26,4,Thiol / Hydroxyl (aliphatic),low-MW fragment,Thiol; Hydroxyl (aliphatic); Carboxylic acid; Ester; Ether,[#16]-[#6](:[#7]):[#7-]:[#6](:[#6]):[#6]; [#6]-[#6]-[#6](-[#6])-[#6@H](-[#8])-[#6]; [#6]-[#6](-[#6])(-[#6]-[#6])-[#6](=[#8])-[#8],O=C(O)c1ccc(Cl)cc1Cl,191.0,2.69,1,1,37.3,1,0.0,230.75
27,8,Hydroxyl (aliphatic) / Primary amine,low-MW fragment,Hydroxyl (aliphatic); Primary amine; Amide; Ether; Ketone,[#7]:[#6]:[#7]:[#6]:[#6]; [#7]-[#7]-[#6]-[#6](:[#6]):[#6]; [#6]:[#6]:[#7]:[#6]:[#7],O=C(O)c1ccc(Cl)cc1Cl,191.0,2.69,1,1,37.3,1,0.0,165.85
28,7,Hydroxyl (aliphatic) / Thioether,low-MW fragment,Hydroxyl (aliphatic); Thioether; Carboxylic acid; Tertiary amine; Primary amine,[#6]-[#7](-[#6])-[#6]-[#6]-[#8]; [#6]-[#7](-[#6]-[#6]-[#8])-[#6]; [#6]-[#16]-[#6]-[#6],O=C(O)c1ccc(Cl)cc1Cl,191.0,2.69,1,1,37.3,1,0.0,137.96666666666667
29,39,Thioether / Amide,low-MW fragment,Thioether; Amide; Primary amine; Ether; Thiol,[#6]:[#6]:[#16]; [#6]-[#6](:[#6]):[#16]:[#6]:[#6]; [#6]-[#7]-[#6],O=C(O)c1ccc(Cl)cc1Cl,191.0,2.69,1,1,37.3,1,0.0,30.15
30,5,Hydroxyl (aliphatic) / Ether,low-MW fragment,Hydroxyl (aliphatic); Ether; Thioether; Primary amine; Carboxylic acid,[#7]:[#6](=[#8]):[#6]; [#6]-[#6](:[#7H]:[#6]:[#7]):[#6]; [#6]-[#6]-[#6](-[#8])-[#6]-[#6],O=C(O)c1ccc(Cl)cc1Cl,191.0,2.69,1,1,37.3,1,0.0,216.26666666666668
31,20,Hydroxyl (aliphatic) / Primary amine,low-MW fragment,Hydroxyl (aliphatic); Primary amine; Ketone; Ether; Thiol,[#6]-[#6](-[#6])-[#6]; [#6]-[#6@@H](-[#6])-[#6@]; [#6]-[#6@H](-[#6])-[#6@],O=C(O)c1ccc(Cl)cc1Cl,191.0,2.69,1,1,37.3,1,0.0,108.66666666666667
32,8,Ether / Ester,low-MW fragment,Ether; Ester; Tertiary amine; Halogen (Cl); Amide,[#6]-[#6](:[#6]:[#6]:[#6]):[#6]; [#6]-[#6](:[#6]):[#6]:[#6]:[#6]; [#6]-[#6](-[#6]-[#6]-[#6])-[#6],O=C(O)c1ccc(Cl)cc1Cl,191.0,2.69,1,1,37.3,1,0.0,123.53333333333333
33,17,Ether / Hydroxyl (aliphatic),low-MW fragment,Ether; Hydroxyl (aliphatic); Carboxylic acid; Ester; Thioether,[#6]-[#8]-[#6](:[#6]:[#6]):[#6]:[#6]; [#6]:[#6]:[#6](-[#8]-[#6]):[#6]:[#6]; [#6]:[#6](-[#8]-[#6](:[#6]):[#6]):[#6],O=C(O)c1ccc(Cl)cc1Cl,191.0,2.69,1,1,37.3,1,0.0,51.483333333333334
34,5,Primary amine / Tertiary amine,low-MW fragment,Primary amine; Tertiary amine; Ketone; Sulfonamide; Thiol,[#6]:[#6](-[#8]):[#6]:[#6](-[#6]):[#6]; [#7]-[#6]-[#6](-[#6]-[#6])-[#6](-[#6])=[#8]; [#8]-[#6](:[#6]:[#6](-[#6]):[#6]):[#6],O=C(O)c1ccc(Cl)cc1Cl,191.0,2.69,1,1,37.3,1,0.0,140.38333333333333
35,4,Amide / Primary amine,low-MW fragment,Amide; Primary amine; Secondary amine; Hydroxyl (aliphatic); Tertiary amine,[#7]-[#6](=[#7])-[#7]; [#6]-[#6](=[#8])-[#7]-[#6](=[#8])-[#7]; [#6]-[#6](=[#8])-[#7]-[#6](:[#7]):[#16],O=C(O)c1ccc(Cl)cc1Cl,191.0,2.69,1,1,37.3,1,0.0,137.03333333333333
36,7,Hydroxyl (aliphatic) / Ketone,low-MW fragment,Hydroxyl (aliphatic); Ketone; Ether; Primary amine,[#8]=[#6](-[#6])-[#6@@H]; [#6]-[#6@](-[#6]-[#6@@H](-[#6])-[#7])(-[#6@H])-[#6@@H]; [#8]=[#6](-[#6])-[#6],O=C(O)c1ccc(Cl)cc1Cl,191.0,2.69,1,1,37.3,1,0.0,94.78333333333333
37,7,Ether / Hydroxyl (aliphatic),low-MW fragment,Ether; Hydroxyl (aliphatic); Ester; Halogen (F); Secondary amine,[#6]=[#6]; [#6]-[#6@@H](-[#6])-[#8]-[#6](:[#6]):[#6]; [#6]-[#6](-[#6])-[#8]-[#6](:[#6]):[#6],O=C(O)c1ccc(Cl)cc1Cl,191.0,2.69,1,1,37.3,1,0.0,131.01666666666668
38,4,Hydroxyl (aliphatic) / Thiol,low-MW fragment,Hydroxyl (aliphatic); Thiol; Amide,[#6]-[#6](:[#6]:[#6]:[#6]):[#7]; [#6]-[#6](:[#6]):[#6]:[#6](:[#6])-[#16]; [#6]:[#7]:[#6]:[#6](-[#7+]):[#7],O=C(O)c1ccc(Cl)cc1Cl,191.0,2.69,1,1,37.3,1,0.0,171.13333333333333
39,9,Thiol / Halogen (Cl),low-MW fragment,Thiol; Halogen (Cl); Amide; Primary amine; Halogen (F),[#6]:[#6](-[#6]-[#6]-[#7]):[#6]; [#7]-[#6](=[#7])-[#6](:[#6](-[#16]):[#6]):[#6]:[#6]; [#6]:[#7+](-[#7]):[#7]:[#8]:[#6],O=C(O)c1ccc(Cl)cc1Cl,191.0,2.69,1,1,37.3,1,0.0,96.53333333333333
40,6,Ether / Hydroxyl (aliphatic),low-MW fragment,Ether; Hydroxyl (aliphatic); Primary amine; Tertiary amine; Thioether,[#6]-[#8]-[#6]; [#6]-[#8]-[#6]-[#6](-[#8])-[#6]; [#7]:[#6](-[#6]):[#7],O=C(O)c1ccc(Cl)cc1Cl,191.0,2.69,1,1,37.3,1,0.0,75.81666666666666
41,2,Halogen (Cl) / Ether,low-MW fragment,Halogen (Cl); Ether; Halogen (F),[#6]-[#6](-[#6])-[#6]-[#6](-[#6])-[#6]; [#6]-[#7](:[#6]):[#6]; [#6]-[#6]-[#6](-[#17])-[#6],O=C(O)c1ccc(Cl)cc1Cl,191.0,2.69,1,1,37.3,1,0.0,240.73333333333332
42,5,Ether / Amide,low-MW fragment,Ether; Amide; Hydroxyl (aliphatic); Ester; Primary amine,[#7]-[#6@H](-[#6])-[#6@H](-[#8]-[#6])-[#6]; [#6]-[#6](:[#6]):[#6](:[#6]:[#6])-[#8]-[#6]; [#6]-[#8]-[#6@H](-[#6]-[#6@@H])-[#6@@](-[#6])(-[#6])-[#6],O=C(O)c1ccc(Cl)cc1Cl,191.0,2.69,1,1,37.3,1,0.0,158.81666666666666
43,9,Primary amine / Amide,low-MW fragment,Primary amine; Amide; Hydroxyl (aliphatic); Thioether; Ether,[#7]-[#6]-[#6]; [#6]-[#6]-[#7]; [#7]-[#6](=[#8])-[#6],O=C(O)c1ccc(Cl)cc1Cl,191.0,2.69,1,1,37.3,1,0.0,108.16666666666667
44,3,Ether / Hydroxyl (aliphatic),low-MW fragment,Ether; Hydroxyl (aliphatic); Halogen (F); Primary amine; Thiol,[#6]:[#6](-[#9]):[#6]:[#6](-[#9]):[#6]; [#6]-[#8]-[#6]-[#6]=[#6]; [#6]-[#6@H](-[#8]-[#6@@H](-[#6])-[#6])-[#8],O=C(O)c1ccc(Cl)cc1Cl,191.0,2.69,1,1,37.3,1,0.0,198.33333333333334
45,8,Amide / Tertiary amine,low-MW fragment,Amide; Tertiary amine; Primary amine; Hydroxyl (aliphatic); Cyano,[#7]:[#6](:[#6]:[#6](-[#8]):[#6]):[#6]; [#6]-[#6]=[#6]-[#6](:[#6]):[#6]; [#8]-[#6](:[#6]:[#6](:[#7]):[#6]):[#6],O=C(O)c1ccc(Cl)cc1Cl,191.0,2.69,1,1,37.3,1,0.0,114.61666666666666
46,13,Ether / Hydroxyl (aliphatic),low-MW fragment,Ether; Hydroxyl (aliphatic); Amide; Primary amine; Tertiary amine,[#6]-[#6](:[#6]:[#6]:[#6]):[#6]; [#6]:[#6]:[#6]:[#6](-[#6]):[#6]; [#6]-[#8]-[#6],O=C(O)c1ccc(Cl)cc1Cl,191.0,2.69,1,1,37.3,1,0.0,47.233333333333334
47,4,Primary amine / Carboxylic acid,low-MW fragment,Primary amine; Carboxylic acid; Thiol; Amide; Halogen (F),[#8]-[#6](=[#8])-[#6]-[#6]-[#7]; [#6]:[#7]:[#7]:[#6](-[#6]):[#6]; [#16]-[#16]-[#16]-[#16]-[#16],O=C(O)c1ccc(Cl)cc1Cl,191.0,2.69,1,1,37.3,1,0.0,231.18333333333334
48,7,Primary amine / Hydroxyl (aliphatic),low-MW fragment,Primary amine; Hydroxyl (aliphatic); Ether; Amide; Sulfonamide,[#6]-[#6](=[#6]-[#6]-[#6])-[#6@H]; [#6]-[#6](-[#6])(-[#6])-[#7]-[#6](=[#8])-[#6@@H]; [#6]:[#7]:[#6](-[#16](-[#7])(=[#8])=[#8]):[#16]:[#6],O=C(O)c1ccc(Cl)cc1Cl,191.0,2.69,1,1,37.3,1,0.0,157.93333333333334
49,17,Primary amine / Hydroxyl (aliphatic),low-MW fragment,Primary amine; Hydroxyl (aliphatic); Amide; Ether; Tertiary amine,[#6]=[#6](-[#6])-[#6]; [#6]=[#6](-[#6])/[#6]=[#6]/[#6]; [#6]=[#6]-[#6],O=C(O)c1ccc(Cl)cc1Cl,191.0,2.69,1,1,37.3,1,0.0,75.65
50,3,Hydroxyl (aliphatic) / Thiol,low-MW fragment,Hydroxyl (aliphatic); Thiol; Halogen (F); Tertiary amine,[#6]-[#6](:[#6]):[#6]:[#6](:[#6])-[#6]; [#6]-[#7](-[#6])-[#6](:[#6]:[#6]):[#6]:[#6]; [#15]-[#6]-[#8],O=C(O)c1ccc(Cl)cc1Cl,191.0,2.69,1,1,37.3,1,0.0,174.68333333333334
51,10,Ether / Ketone,low-MW fragment,Ether; Ketone; Amide; Hydroxyl (aliphatic); Thiol,[#6](-[#6@H])(=[#8])-[#6]=[#6](-[#6@H])-[#6@@]; [#6]-[#7](-[#6]-[#6@@H](-[#16])-[#6])-[#6@@H]; [#6]-[#6]-[#16](=[#8])(=[#8])-[#6]-[#6],O=C(O)c1ccc(Cl)cc1Cl,191.0,2.69,1,1,37.3,1,0.0,181.55
52,16,Ether / Hydroxyl (aliphatic),low-MW fragment,Ether; Hydroxyl (aliphatic); Thiol; Amide; Ketone,[#6]:[#6](-[#8]-[#6]):[#6]; [#6]-[#8]-[#6](:[#6]):[#6]; [#8]-[#6](:[#6]):[#6],O=C(O)c1ccc(Cl)cc1Cl,191.0,2.69,1,1,37.3,1,0.0,17.183333333333334
53,6,Thiol / Halogen (Cl),low-MW fragment,Thiol; Halogen (Cl); Amide; Ketone; Hydroxyl (aliphatic),[#8]=[#6](-[#17])-[#6](:[#6]):[#6]; [#6](-[#6@H])-[#6@H](-[#6]-[#6])-[#6]-[#6@H]; [#6]-[#6](-[#6])-[#16],O=C(O)c1ccc(Cl)cc1Cl,191.0,2.69,1,1,37.3,1,0.0,171.03333333333333
54,5,Ether / Sulfonamide,low-MW fragment,Ether; Sulfonamide; Thiol; Halogen (Cl); Primary amine,[#6]-[#8]-[#6](:[#6]:[#6]):[#6](:[#6])-[#6]; [#7]-[#6]-[#6](-[#6]-[#6])-[#7]-[#6]; [#6]:[#6]:[#6](-[#8]-[#6]):[#6](-[#6]):[#6],O=C(O)c1ccc(Cl)cc1Cl,191.0,2.69,1,1,37.3,1,0.0,236.68333333333334
55,6,Primary amine / Secondary amine,low-MW fragment,Primary amine; Secondary amine; Hydroxyl (aliphatic); Halogen (F); Amide,[#6](-[#6@@H])-[#6]-[#6@H](-[#6])-[#7]; [#7]-[#6@@H](-[#6]-[#6]-[#6@H])-[#6]; [#7]-[#6]1-[#6]-[#6]-1,O=C(O)c1ccc(Cl)cc1Cl,191.0,2.69,1,1,37.3,1,0.0,121.75
56,17,Ketone / Hydroxyl (aliphatic),low-MW fragment,Ketone; Hydroxyl (aliphatic); Ether; Halogen (Cl); Amide,[#6]-[#6](:[#6]):[#6]; [#6]:[#6](-[#6]):[#6]; [#6]:[#6](-[#6](=[#8])-[#6](:[#6]):[#6]):[#6],O=C(O)c1ccc(Cl)cc1Cl,191.0,2.69,1,1,37.3,1,0.0,55.1
57,9,Hydroxyl (aliphatic) / Ether,low-MW fragment,Hydroxyl (aliphatic); Ether; Amide; Sulfonamide; Halogen (Cl),[#6]-[#8]-[#6]-[#6]-[#8]; [#8]-[#6]-[#6]-[#8]-[#6]; [#6]-[#8],O=C(O)c1ccc(Cl)cc1Cl,191.0,2.69,1,1,37.3,1,0.0,23.75
58,10,Primary amine / Hydroxyl (aliphatic),low-MW fragment,Primary amine; Hydroxyl (aliphatic); Thioether; Ether; Thiol,[#6]:[#7]:[#6]; [#6]:[#16]:[#6]; [#6]-[#6]-[#7](-[#6]=[#6])-[#6]-[#7],O=C(O)c1ccc(Cl)cc1Cl,191.0,2.69,1,1,37.3,1,0.0,15.733333333333333
59,8,Halogen (I) / Amide,low-MW fragment,Halogen (I); Amide; Halogen (Cl); Ester; Ether,[#6]-[#7]-[#6](:[#6](-[#53]):[#6]):[#6](:[#6])-[#53]; [#6]-[#6]-[#6]=[#8]; [#6]-[#6](=[#8])-[#7]-[#6](-[#7])=[#8],O=C(O)c1ccc(Cl)cc1Cl,191.0,2.69,1,1,37.3,1,0.0,74.96666666666667
60,3,Ether / Hydroxyl (aliphatic),low-MW fragment,Ether; Hydroxyl (aliphatic); Secondary amine; Ketone; Ester,[#6]-[#8]-[#6](:[#6]:[#6]):[#6]:[#6]; [#6]-[#7]-[#6]-[#6]-[#8]; [#6]:[#6](-[#6]-[#6]-[#6]):[#6],O=C(O)c1ccc(Cl)cc1Cl,191.0,2.69,1,1,37.3,1,0.0,245.9
61,6,Ether / Ketone,low-MW fragment,Ether; Ketone; Hydroxyl (aliphatic); Thiol; Amide,[#8]-[#6@](-[#6])(-[#6]-[#6]-[#6@@H])-[#6@]; [#6]-[#6]-[#7](-[#6]-[#6])-[#6](-[#6])=[#8]; [Hg]-[#17],O=C(O)c1ccc(Cl)cc1Cl,191.0,2.69,1,1,37.3,1,0.0,128.46666666666667
62,24,Nitro group / Ether,low-MW fragment,Nitro group; Ether; Ester; Thiol; Hydroxyl (aliphatic),[#6]:[#6]:[#6]:[#6](-[#7+]):[#6]; [#7+]-[#6](:[#6]:[#6]:[#6]):[#6]; [#6]:[#6]:[#6](-[#7+](=[#8])-[#8-]):[#6]:[#6],O=C(O)c1ccc(Cl)cc1Cl,191.0,2.69,1,1,37.3,1,0.0,23.183333333333334
63,51,Amide / Primary amine,low-MW fragment,Amide; Primary amine; Secondary amine; Ether; Hydroxyl (aliphatic),[#6]-[#6]-[#6]; [#6]-[#6]-[#8]; [#7]-[#6](=[#8])-[#6@H](-[#6]-[#6])-[#7]-[#6],O=C(O)c1ccc(Cl)cc1Cl,191.0,2.69,1,1,37.3,1,0.0,27.483333333333334
64,7,Hydroxyl (aliphatic) / Amide,low-MW fragment,Hydroxyl (aliphatic); Amide; Secondary amine; Sulfone; Carboxylic acid,[#6]-[#8]-[#6]; [#6]-[#6](-[#6])(-[#6])-[#6@@H](-[#8])-[#6](=[#8])-[#7]; [#6]-[#6](-[#6])(-[#6])-[#6](-[#8])-[#6](=[#8])-[#7],O=C(O)c1ccc(Cl)cc1Cl,191.0,2.69,1,1,37.3,1,0.0,81.73333333333333
65,3,Amide / Ester,low-MW fragment,Amide; Ester; Ether; Ketone; Carboxylic acid,[#6]-[#8]-[#6](-[#7])=[#8]; [#6]-[#6]-[#6]-[#6](=[#8])-[#6]; [#7]-[#6](=[#8])-[#8]-[#6],O=C(O)c1ccc(Cl)cc1Cl,191.0,2.69,1,1,37.3,1,0.0,200.01666666666668
66,13,Hydroxyl (aliphatic) / Ether,low-MW fragment,Hydroxyl (aliphatic); Ether; Amide,[#6]-[#6](:[#6]:[#6]:[#6]):[#6]; [#6]:[#6]:[#6]:[#6](-[#6]):[#6]; [#6]-[#6](:[#6]:[#6]):[#6]:[#6],O=C(O)c1ccc(Cl)cc1Cl,191.0,2.69,1,1,37.3,1,0.0,35.483333333333334
67,16,Hydroxyl (aliphatic) / Halogen (Cl),low-MW fragment,Hydroxyl (aliphatic); Halogen (Cl); Ether; Ketone; Amide,[#6]-[#6](:[#6]:[#6]:[#6]):[#6]; [#6]:[#6]:[#6]:[#6](-[#6]):[#6]; [#6]-[#6](=[#6])-[#6@H],O=C(O)c1ccc(Cl)cc1Cl,191.0,2.69,1,1,37.3,1,0.0,65.96666666666667
68,2,Halogen (Br) / Thioether,low-MW fragment,Halogen (Br); Thioether,[#6]:[#7H]:[#6](=[#16]):[#7H]:[#6]; [#6]-[#6](:[#6]:[#6]):[#7]:[#7]; [#6]-[#6](-[#6])=[#7],O=C(O)c1ccc(Cl)cc1Cl,191.0,2.69,1,1,37.3,1,0.0,211.48333333333332
69,8,Hydroxyl (aliphatic) / Tertiary amine,low-MW fragment,Hydroxyl (aliphatic); Tertiary amine; Ester; Ether; Primary amine,[#6]-[#6](=[#8])-[#17]; [#6]-[#7]-[#6]-[#6]-[#6]; [#6]-[#6@](-[#8])(-[#6])-[#6]-[#7](-[#6])-[#6],O=C(O)c1ccc(Cl)cc1Cl,191.0,2.69,1,1,37.3,1,0.0,200.25
70,27,Ether / Ester,sp3-rich,Ether; Ester; Hydroxyl (aliphatic); Carboxylic acid; Amide,[#6]-[#6]-[#6]-[#6]-[#6]; [#6]-[#6](=[#8])-[#8]; [#6]-[#6]-[#6],Cc1ncc([N+](=O)[O-])n1CC(O)CCl,219.6,0.7,1,5,81.2,1,0.57,1.3666666666666667
71,11,Cyano / Tertiary amine,low-MW fragment,Cyano; Tertiary amine; Hydroxyl (aliphatic); Secondary amine; Thiol,[#6]:[#6](-[#6]):[#6]; [#6]:[#6]:[#6]:[#6](-[#6]):[#6]; [#6]-[#6](:[#6]:[#6]:[#6]):[#6],O=C(O)c1ccc(Cl)cc1Cl,191.0,2.69,1,1,37.3,1,0.0,61.516666666666666
72,15,Hydroxyl (aliphatic) / Ether,lipophilic; flat/aromatic,Hydroxyl (aliphatic); Ether; Carboxylic acid; Thioether; Ketone,[#6]:[#6]:[#6]:[#6]:[#6]; [#6]-[#6](:[#6]:[#6]:[#6]):[#6]; [#6]-[#6](:[#6]):[#6]:[#6]:[#6],O=C(c1ccc(O)cc1)c1ccc(Cl)cc1,232.7,3.28,1,2,37.3,2,0.0,1.7666666666666666
73,16,Hydroxyl (aliphatic) / Halogen (F),low-MW fragment,Hydroxyl (aliphatic); Halogen (F); Ether; Carboxylic acid; Primary amine,[#6]:[#6](-[#6](-[#9])(-[#9])-[#9]):[#6]; [#6]:[#6](-[#6]):[#6]; [#6]-[#6](:[#6]):[#6],O=C(O)c1ccc(Cl)cc1Cl,191.0,2.69,1,1,37.3,1,0.0,31.6
74,19,Hydroxyl (aliphatic) / Thiol,low-MW fragment,Hydroxyl (aliphatic); Thiol; Primary amine; Ether; Halogen (Cl),[#6]:[#6]:[#6]:[#6](-[#8]):[#6]; [#8]-[#6](:[#6]:[#6]:[#6]):[#6]; [#6]-[#6](-[#8])-[#6](:[#6]:[#6]):[#6]:[#6],O=C(O)c1ccc(Cl)cc1Cl,191.0,2.69,1,1,37.3,1,0.0,14.6
75,13,Primary amine / Hydroxyl (aliphatic),low-MW fragment,Primary amine; Hydroxyl (aliphatic); Ether; Carboxylic acid; Amide,[#6]-[#7](-[#6])-[#6]; [#6]-[#6]-[#7]; [#6]-[#6](-[#6])-[#6],O=C(O)c1ccc(Cl)cc1Cl,191.0,2.69,1,1,37.3,1,0.0,117.81666666666666
76,2,Halogen (I) / Thiol,low-MW fragment,Halogen (I); Thiol,[#6]-[#6](:[#6]:[#6](-[#53]):[#6]):[#6]; [#6]-[#6](:[#6]):[#6]:[#6](:[#6])-[#53]; [#6]-[#6](:[#7]:[#6](:[#6]):[#6]):[#7H],O=C(O)c1ccc(Cl)cc1Cl,191.0,2.69,1,1,37.3,1,0.0,186.33333333333334
77,5,Amide / Primary amine,low-MW fragment,Amide; Primary amine; Halogen (F); Ether; Ester,[#6]-[#8]-[#6](=[#8])-[#6]-[#6]; [#6]:[#6](-[#6](=[#8])-[#7]-[#6]):[#6]; [#6]-[#6]-[#6](-[#6]-[#6])-[#6]-[#6],O=C(O)c1ccc(Cl)cc1Cl,191.0,2.69,1,1,37.3,1,0.0,183.05
78,5,Ether / Amide,low-MW fragment,Ether; Amide; Ester,[#6]-[#6](=[#8])-[#8]-[#6@@H](-[#6])-[#6]; [#6]=[#6]-[#6](=[#8])-[#7]-[#6]; [Se]:[#7](-[#6](:[#6]:[#6]):[#6]:[#6]):[#6],O=C(O)c1ccc(Cl)cc1Cl,191.0,2.69,1,1,37.3,1,0.0,90.68333333333334
79,9,Amide / Hydroxyl (aliphatic),low-MW fragment,Amide; Hydroxyl (aliphatic); Halogen (Cl); Secondary amine,[#7+]-[#6]-[#6]; [#6]-[#6]-[#7+]; [#6]:[#6]:[#7]:[#6](-[#7]):[#6],O=C(O)c1ccc(Cl)cc1Cl,191.0,2.69,1,1,37.3,1,0.0,88.28333333333333
80,8,Ether / Carboxylic acid,low-MW fragment,Ether; Carboxylic acid; Hydroxyl (aliphatic); Amide; Ester,[#8]-[#6](=[#8])-[#6]-[#8]-[#6]; [#8]=[#6](-[#6])-[#8]-[#6]-[#6]; [#8](-[#6@H])-[#15],O=C(O)c1ccc(Cl)cc1Cl,191.0,2.69,1,1,37.3,1,0.0,79.46666666666667
81,19,Hydroxyl (aliphatic) / Carboxylic acid,low-MW fragment,Hydroxyl (aliphatic); Carboxylic acid; Amide; Secondary amine; Primary amine,[#6]=[#6](-[#6])-[#6]; [#6]-[#6@H](-[#8])-[#6]; [#6]-[#6](-[#6])(-[#6])-[#6],O=C(O)c1ccc(Cl)cc1Cl,191.0,2.69,1,1,37.3,1,0.0,107.55
82,4,Primary amine / Hydroxyl (aliphatic),low-MW fragment,Primary amine; Hydroxyl (aliphatic); Aldehyde; Amide,[#6]-[#8-]; [#8]=[#6]-[#6](:[#6]):[#6]; [#8-]-[#6],O=C(O)c1ccc(Cl)cc1Cl,191.0,2.69,1,1,37.3,1,0.0,179.16666666666666
83,9,Amide / Hydroxyl (aliphatic),low-MW fragment,Amide; Hydroxyl (aliphatic); Primary amine; Carboxylic acid; Ketone,[#6]-[#7](-[#6](=[#8])-[#6](:[#6]):[#6])-[#6]; [#6]-[#6]-[#6](=[#8])-[#6]-[#6]; [#6]-[#7](-[#6])-[#6](-[#6](:[#6]):[#6])=[#8],O=C(O)c1ccc(Cl)cc1Cl,191.0,2.69,1,1,37.3,1,0.0,106.03333333333333
84,15,Sulfonamide / Primary amine,low-MW fragment,Sulfonamide; Primary amine; Thiol; Amide; Ether,[#6]:[#6](-[#16](=[#8])(=[#8])-[#7]-[#6]):[#6]; [#16]-[#7]-[#6]; [#6]-[#7]-[#16],O=C(O)c1ccc(Cl)cc1Cl,191.0,2.69,1,1,37.3,1,0.0,35.93333333333333
85,3,Hydroxyl (aliphatic) / Tertiary amine,low-MW fragment,Hydroxyl (aliphatic); Tertiary amine; Thioether; Thiol; Halogen (Cl),[#8]-[#6]-[#6](-[#8])-[#6]-[#8]; [#6]-[#6]-[#7](-[#6]-[#6])-[#6]-[#6]; [#7]-[#7](-[#6])-[#6](-[#6])(-[#6])-[#6],O=C(O)c1ccc(Cl)cc1Cl,191.0,2.69,1,1,37.3,1,0.0,222.25
86,9,Ether / Halogen (I),low-MW fragment,Ether; Halogen (I); Hydroxyl (aliphatic); Primary amine; Halogen (Cl),[#6]-[#8]-[#6]; [#7]-[#6](:[#6]):[#6](:[#6](:[#6])-[#6])-[#53]; [#7]-[#6](:[#6](-[#53]):[#6](-[#6]):[#6]):[#6],O=C(O)c1ccc(Cl)cc1Cl,191.0,2.69,1,1,37.3,1,0.0,91.71666666666667
87,4,Amide / Thiol,low-MW fragment,Amide; Thiol; Primary amine,[#6]:[#6]:[#6](-[#6](:[#6]):[#6]):[#6]:[#6]; [#8]-[#15](=[#16])(-[#8])-[#8]-[#6](:[#6]):[#7]; [#6]:[#6](-[#6](:[#6]:[#6]):[#6]:[#6]):[#6],O=C(O)c1ccc(Cl)cc1Cl,191.0,2.69,1,1,37.3,1,0.0,160.23333333333332
88,4,Primary amine / Ketone,low-MW fragment,Primary amine; Ketone; Carboxylic acid,[#6]-[#6](=[#7])-[#7]-[#6]-[#6]; [#6]-[#6](:[#6]):[#6](:[#6](:[#6])-[#8])-[#6](=[#8])-[#6@@H]; [#6]-[#7]=[#6](-[#8])-[#7]-[#6],O=C(O)c1ccc(Cl)cc1Cl,191.0,2.69,1,1,37.3,1,0.0,217.13333333333333
89,3,Carboxylic acid / Primary amine,low-MW fragment,Carboxylic acid; Primary amine; Halogen (Cl),[#6]-[#6]-[#6]; [#6]-[#6]-[#6]-[#6]-[#7]; [#7]-[#6](:[#6](-[#8]):[#6]:[#6]):[#6],O=C(O)c1ccc(Cl)cc1Cl,191.0,2.69,1,1,37.3,1,0.0,117.86666666666666
90,6,Ether / Ester,low-MW fragment,Ether; Ester; Hydroxyl (aliphatic); Primary amine; Sulfone,[#6]-[#6](=[#8])-[#8]-[#6]-[#6]; [#6]-[#6]-[#8]-[#6](-[#6])=[#8]; [#6]-[#6@@H](-[#8])-[#6@](-[#6])(-[#6@@H](-[#6])-[#6])-[#6@@](-[#6])(-[#8])-[#6@H],O=C(O)c1ccc(Cl)cc1Cl,191.0,2.69,1,1,37.3,1,0.0,208.53333333333333
91,6,Hydroxyl (aliphatic) / Carboxylic acid,low-MW fragment,Hydroxyl (aliphatic); Carboxylic acid; Ether; Thiol; Ketone,[#6]-[#6](-[#6])-[#6](=[#8])-[#8]; [#6]-[#6](-[#8]-[#6@H](-[#8])-[#6@@H])-[#6]; [#8]-[#6](:[#6]:[#6](-[#6]):[#8]):[#7],O=C(O)c1ccc(Cl)cc1Cl,191.0,2.69,1,1,37.3,1,0.0,136.95
92,21,Primary amine / Hydroxyl (aliphatic),low-MW fragment,Primary amine; Hydroxyl (aliphatic); Ether; Amide; Secondary amine,[#6]-[#6](-[#6])(-[#7]=[#6](-[#6])-[#7])-[#6]; [#6]-[#6@@H](-[#6])-[#6@H](-[#6]-[#6@H])-[#6]-[#6@@H]; [#6]-[#6](=[#7]-[#6](-[#6])(-[#6])-[#6])-[#7],O=C(O)c1ccc(Cl)cc1Cl,191.0,2.69,1,1,37.3,1,0.0,95.05
93,16,Hydroxyl (aliphatic) / Ether,low-MW fragment,Hydroxyl (aliphatic); Ether; Thiol; Halogen (Cl); Amide,[#6]-[#6]-[#6]; [#6]-[#6]-[#6]-[#6]-[#6]; [#6]-[#6]/[#6]=[#6]\[#6],O=C(O)c1ccc(Cl)cc1Cl,191.0,2.69,1,1,37.3,1,0.0,65.51666666666667
94,2,Hydroxyl (aliphatic) / Carboxylic acid,low-MW fragment,Hydroxyl (aliphatic); Carboxylic acid; Ether; Thioether,[#7]:[#7](-[#6]):[#6]; [#6]-[#7](:[#7]):[#6]; [#6]-[#6](-[#8]-[#6])-[#6](=[#8])-[#8],O=C(O)c1ccc(Cl)cc1Cl,191.0,2.69,1,1,37.3,1,0.0,199.93333333333334
95,4,Primary amine / Tertiary amine,low-MW fragment,Primary amine; Tertiary amine; Halogen (F); Halogen (Cl),[#6]:[#6](-[#6]):[#6]:[#6](-[#7+]):[#6]; [#6]:[#6](-[#7+]):[#6]:[#6](-[#6]):[#6]; [#6]-[#6]-[#7](-[#6]-[#6])-[#6]-[#6],O=C(O)c1ccc(Cl)cc1Cl,191.0,2.69,1,1,37.3,1,0.0,190.0
96,5,Ether / Hydroxyl (aliphatic),low-MW fragment,Ether; Hydroxyl (aliphatic); Ester; Primary amine; Amide,[#6]-[#6]-[#6]-[#8]-[#6]; [#8]=[#6](-[#8]-[#6](-[#6])(-[#6])-[#6])-[#6]; [#6]-[#7](-[#6]-[#6]-[#7])-[#6],O=C(O)c1ccc(Cl)cc1Cl,191.0,2.69,1,1,37.3,1,0.0,167.16666666666666
97,2,Amide / Ester,low-MW fragment,Amide; Ester; Ether; Tertiary amine,[#7]-[#8]; [#6]:[#6]:[#6](:[#7]:[#6]):[#6](:[#6]):[#6]; [#6]-[#7](-[#6])-[#6]-[#6](=[#8])-[#7],O=C(O)c1ccc(Cl)cc1Cl,191.0,2.69,1,1,37.3,1,0.0,243.76666666666668
98,2,Tertiary amine / Carboxylic acid,low-MW fragment,Tertiary amine; Carboxylic acid; Secondary amine; Hydroxyl (aliphatic),[#6]-[#6](:[#6]):[#6]:[#6](:[#6])-[#6]; [#8]-[#6]=[#8]; [#6]-[#6](:[#6]:[#6](-[#6]):[#6]):[#6],O=C(O)c1ccc(Cl)cc1Cl,191.0,2.69,1,1,37.3,1,0.0,237.45
99,7,Amide / Hydroxyl (aliphatic),low-MW fragment,Amide; Hydroxyl (aliphatic); Sulfonamide; Halogen (Cl); Cyano,[#6]:[#7](-[#6](:[#6]:[#6]):[#6]:[#6]):[#7]; [#6]:[#6]:[#6](-[#7]):[#6](:[#6]):[#6]; [#6]-[#6]-[#6]-[#6@H](-[#8])-[#6],O=C(O)c1ccc(Cl)cc1Cl,191.0,2.69,1,1,37.3,1,0.0,126.18333333333334
100,3,Hydroxyl (aliphatic) / Ether,low-MW fragment,Hydroxyl (aliphatic); Ether; Thiol; Primary amine; Amide,[#7]-[#6]-[#8]; [#6]:[#6](=[#8]):[#8]:[#6](:[#6]):[#6]; [#16]-[#16]-[#16],O=C(O)c1ccc(Cl)cc1Cl,191.0,2.69,1,1,37.3,1,0.0,196.28333333333333
101,3,Thiol / Hydroxyl (aliphatic),low-MW fragment,Thiol; Hydroxyl (aliphatic),[#6]-[#7]-[#6](=[#7])-[#6](:[#6]):[#6]; [#7]=[#6](-[#7]-[#6])-[#6](:[#6]):[#6]; [#8]-[#6](-[#6])(-[#6])-[#6],O=C(O)c1ccc(Cl)cc1Cl,191.0,2.69,1,1,37.3,1,0.0,206.38333333333333
102,6,Ether / Halogen (F),low-MW fragment,Ether; Halogen (F); Halogen (Cl); Halogen (I); Ketone,[#6]-[#6]-[#16](=[#8])(=[#8])-[#8-]; [#6]-[#6]-[#6]; [#6]:[#6](-[#6]):[#8]:[#6](:[#6]):[#6],O=C(O)c1ccc(Cl)cc1Cl,191.0,2.69,1,1,37.3,1,0.0,166.11666666666667
103,3,Primary amine / Ether,low-MW fragment,Primary amine; Ether; Thiol; Thioether; Halogen (Cl),[#7]-[#6](-[#6])-[#8]-[#6]-[#6]; [#16]-[#6](:[#7]:[#6]):[#16]:[#6]; [#6]-[#6](-[Ti+2])=[#6],O=C(O)c1ccc(Cl)cc1Cl,191.0,2.69,1,1,37.3,1,0.0,202.18333333333334
104,4,Ether / Thioether,low-MW fragment,Ether; Thioether; Ester; Halogen (F); Tertiary amine,[#6]-[#8]-[#6](=[#8])-[#6](:[#6]):[#6]; [#6]-[#6](:[#6]):[#6](:[#6](:[#6])-[#9])-[#7]-[#6]; [#6]-[#7](-[#6])-[#6],O=C(O)c1ccc(Cl)cc1Cl,191.0,2.69,1,1,37.3,1,0.0,148.66666666666666
105,3,Ether / Primary amine,low-MW fragment,Ether; Primary amine; Ester; Hydroxyl (aliphatic),[#6]-[#6]-[#6](=[#8])-[#8]-[#6]; [#6]-[#8]-[#6](=[#8])-[#6]-[#6]; [#6]-[#6]-[#6](-[#8]-[#6])-[#6](:[#6]):[#6],O=C(O)c1ccc(Cl)cc1Cl,191.0,2.69,1,1,37.3,1,0.0,208.25
106,4,Primary amine / Secondary amine,low-MW fragment,Primary amine; Secondary amine; Thiol; Halogen (Cl); Thioether,[#6]-[#6](-[#6])-[#7]-[#6]-[#6]; [#6]:[#6](-[#16]):[#6]; [#6]:[#6](:[#6](-[#17]):[#6]:[#6]):[#6],O=C(O)c1ccc(Cl)cc1Cl,191.0,2.69,1,1,37.3,1,0.0,108.81666666666666
107,6,Amide / Thiol,low-MW fragment,Amide; Thiol; Sulfonamide; Primary amine,[#7]-[#8]; [#6]:[#6](:[#7+]):[#6]; [#6]:[#7]:[#6](:[#6]:[#6]):[#6](:[#6]):[#7H],O=C(O)c1ccc(Cl)cc1Cl,191.0,2.69,1,1,37.3,1,0.0,91.96666666666667
108,14,Primary amine / Amide,low-MW fragment,Primary amine; Amide; Hydroxyl (aliphatic); Thiol; Thioether,[#6]-[#6](-[#6])(-[#16]-[#6@H](-[#6@H])-[#7])-[#6@@H]; [#7]-[#6](:[#7]):[#6]; [#7]:[#6](-[#7]):[#6],O=C(O)c1ccc(Cl)cc1Cl,191.0,2.69,1,1,37.3,1,0.0,108.01666666666667
109,7,Amide / Tertiary amine,low-MW fragment,Amide; Tertiary amine; Thioether; Halogen (F); Ether,[#6]:[#6](:[#7]):[#6]; [#7]:[#6](:[#6]):[#6]; [#6]:[#6](:[#6]):[#7],O=C(O)c1ccc(Cl)cc1Cl,191.0,2.69,1,1,37.3,1,0.0,117.98333333333333
110,20,Ether / Hydroxyl (aliphatic),low-MW fragment,Ether; Hydroxyl (aliphatic); Primary amine; Ketone; Thioether,[#6]-[#6]-[#6]-[#6]-[#6]; [#6]-[#6](-[#6])-[#6]; [#6]-[#6]-[#6],O=C(O)c1ccc(Cl)cc1Cl,191.0,2.69,1,1,37.3,1,0.0,18.666666666666668
111,5,Secondary amine / Amide,low-MW fragment,Secondary amine; Amide; Ether; Hydroxyl (aliphatic),[#6]-[#7]-[#6]; [#6]-[#7]-[#6@@H](-[#6]-[#6])-[#6](-[#7])=[#8]; [#6]-[#6](:[#7]):[#8]:[#6](:[#6])-[#6],O=C(O)c1ccc(Cl)cc1Cl,191.0,2.69,1,1,37.3,1,0.0,64.88333333333334
112,10,Thiol / Aldehyde,low-MW fragment,Thiol; Aldehyde; Primary amine; Thioether; Halogen (Cl),[#6]:[#6](-[#6](-[#6](:[#6]):[#6])=[#7]-[#6]):[#6]; [#6]:[#6](:[#7]:[#8]:[#7]):[#6]; [#6]-[#16]-[#6]-[#6](-[#17])=[#6],O=C(O)c1ccc(Cl)cc1Cl,191.0,2.69,1,1,37.3,1,0.0,101.01666666666667
113,13,Halogen (F) / Carboxylic acid,low-MW fragment,Halogen (F); Carboxylic acid; Ether; Amide; Ester,[#6]-[#6](-[#9])(-[#9])-[#6](-[#9])(-[#9])-[#6](-[#9])(-[#9])-[#6]; [#6]-[#6](-[#9])(-[#9])-[#6]; [#6]-[#6](-[#9])(-[#9])-[#9],O=C(O)c1ccc(Cl)cc1Cl,191.0,2.69,1,1,37.3,1,0.0,119.36666666666666
114,7,Ether / Hydroxyl (aliphatic),low-MW fragment,Ether; Hydroxyl (aliphatic); Amide; Thiol; Primary amine,[#6]:[#6](-[#8]):[#6](:[#6]:[#6]):[#6](:[#6]):[#8]; [#8]:[#6](:[#6]):[#6](:[#6]:[#6]):[#6](-[#8]):[#6]; [#8]-[#15](=[#16])(-[#8])-[#8]-[#6](:[#7]):[#7],O=C(O)c1ccc(Cl)cc1Cl,191.0,2.69,1,1,37.3,1,0.0,86.73333333333333
115,4,Amide / Carboxylic acid,low-MW fragment,Amide; Carboxylic acid; Ether; Ketone; Thiol,[#8]-[#15](=[#8])(-[#8-])-[#8]; [#6]-[#8]-[#6]-[#6]; [#6]:[#6](-[#6]):[#6](:[#6]:[#6]):[#6](:[#6]):[#6],O=C(O)c1ccc(Cl)cc1Cl,191.0,2.69,1,1,37.3,1,0.0,178.56666666666666
116,3,Amide / Sulfonamide,low-MW fragment,Amide; Sulfonamide; Thioether; Primary amine; Hydroxyl (aliphatic),[#6]-[#16](=[#8])(=[#8])-[#7](-[#6])-[#6]; [#6]-[#7](-[#6])-[#6](=[#8])-[#16]-[#6]; [#7]:[#8]:[#6](:[#6]:[#6]):[#6](:[#6]):[#6],O=C(O)c1ccc(Cl)cc1Cl,191.0,2.69,1,1,37.3,1,0.0,200.61666666666667
117,7,Amide / Primary amine,low-MW fragment,Amide; Primary amine; Carboxylic acid; Ether; Halogen (Cl),[#6]-[#7]-[#6]; [#6]-[#6@@H](-[#6@H](-[#6]-[#6])-[#6@@H](-[#6@H])-[#6])-[#6@]; [#6]-[#6@H](-[#6@@H])-[#6@@H](-[#6]-[#6])-[#6@H](-[#6])-[#6@],O=C(O)c1ccc(Cl)cc1Cl,191.0,2.69,1,1,37.3,1,0.0,102.31666666666666
118,4,Ether / Thiol,low-MW fragment,Ether; Thiol; Sulfone; Nitro group,[#6]:[#7]:[#16]; [#6]-[#6]-[#8]-[#6]-[#6]; [#16]:[#7]:[#6],O=C(O)c1ccc(Cl)cc1Cl,191.0,2.69,1,1,37.3,1,0.0,241.18333333333334
119,2,Ester / Ether,low-MW fragment,Ester; Ether; Thiol,[#16]-[#8]-[AlH3](-[#8])-[#8]; [#8]-[#6](:[#6]:[#6](-[#6]):[#6]):[#6]; [#6]-[#6](-[#6])(-[#6])-[#6],O=C(O)c1ccc(Cl)cc1Cl,191.0,2.69,1,1,37.3,1,0.0,218.3
120,5,Ether / Amide,low-MW fragment,Ether; Amide; Tertiary amine; Ester; Secondary amine,[#6]-[#7](-[#6])-[#6]-[#6](:[#6]):[#6]; [#6]-[#7](-[#6]-[#6](:[#6]):[#6])-[#6]; [#6]-[#6](-[#6])-[#6](=[#8])-[#8]-[#6],O=C(O)c1ccc(Cl)cc1Cl,191.0,2.69,1,1,37.3,1,0.0,168.33333333333334
121,7,Hydroxyl (aliphatic) / Thiol,low-MW fragment,Hydroxyl (aliphatic); Thiol; Ether; Amide; Halogen (F),[#6]-[#7](:[#6]):[#6]:[#7]:[#6]; [#6]-[#6]-[#6]-[#6@H](-[#8])-[#6]; [#6]-[#6]-[#7]-[#6](=[#8])-[#6],O=C(O)c1ccc(Cl)cc1Cl,191.0,2.69,1,1,37.3,1,0.0,211.1
122,6,Amide / Thiol,low-MW fragment,Amide; Thiol; Halogen (I); Thioether; Primary amine,[#6]-[#7]-[#6](:[#6]:[#6]):[#6]:[#6]; [#7]-[#6](:[#6]):[#7]; [#6]-[#6](:[#6]):[#16],O=C(O)c1ccc(Cl)cc1Cl,191.0,2.69,1,1,37.3,1,0.0,156.71666666666667
123,11,Tertiary amine / Thiol,low-MW fragment,Tertiary amine; Thiol; Sulfonamide; Carboxylic acid; Halogen (Cl),[#6]-[#7](-[#6])-[#6]; [#6]-[#7](-[#6]-[#6]-[#6])-[#6]; [#6]-[#6]-[#6]-[#7](-[#6])-[#6],O=C(O)c1ccc(Cl)cc1Cl,191.0,2.69,1,1,37.3,1,0.0,71.33333333333333
124,4,Hydroxyl (aliphatic) / Primary amine,low-MW fragment,Hydroxyl (aliphatic); Primary amine; Amide; Thioether; Tertiary amine,[#6]-[#6](-[#6])-[#6]; [#7](-[#6@H])-[#6](=[#8])-[#6@H](-[#6])-[#7]; [#5]-[#8]-[#6](-[#6])-[#6],O=C(O)c1ccc(Cl)cc1Cl,191.0,2.69,1,1,37.3,1,0.0,208.21666666666667
125,3,Ether / Hydroxyl (aliphatic),low-MW fragment,Ether; Hydroxyl (aliphatic); Primary amine; Halogen (Cl); Carboxylic acid,[#7]-[#6]-[#6]; [#6]:[#6](-[#6]-[#8]-[#6]):[#6]; [#8]-[#6]-[#6](-[#6])-[#17],O=C(O)c1ccc(Cl)cc1Cl,191.0,2.69,1,1,37.3,1,0.0,249.81666666666666
126,10,Primary amine / Hydroxyl (aliphatic),low-MW fragment,Primary amine; Hydroxyl (aliphatic); Ether; Tertiary amine; Secondary amine,[#6](-[#6@@H])-[#6@@H](-[#8]-[#6])-[#6@H](-[#8])-[#6@@H]; [#6]-[#7]-[#6]-[#6@H](-[#8])-[#6@@H]; [#6]:[#6](-[#6](=[#8])-[#7]-[#6@@H]):[#6],O=C(O)c1ccc(Cl)cc1Cl,191.0,2.69,1,1,37.3,1,0.0,91.15
127,4,Halogen (F) / Amide,low-MW fragment,Halogen (F); Amide; Thiol; Carboxylic acid; Nitro group,[#6]-[#6](-[#9])(-[#9])-[#9]; [#6]-[#6](:[#6]):[#6]; [#6]:[#6](-[#6]):[#6],O=C(O)c1ccc(Cl)cc1Cl,191.0,2.69,1,1,37.3,1,0.0,133.4
128,42,Hydroxyl (aliphatic) / Ether,low-MW fragment,Hydroxyl (aliphatic); Ether; Amide; Tertiary amine; Carboxylic acid,[#6]-[#8]-[#6]; [#8](-[#6@@H])-[#6]; [#8]-[#6@H](-[#6])-[#6@@H],O=C(O)c1ccc(Cl)cc1Cl,191.0,2.69,1,1,37.3,1,0.0,18.416666666666668
129,9,Hydroxyl (aliphatic) / Secondary amine,low-MW fragment,Hydroxyl (aliphatic); Secondary amine; Ether; Carboxylic acid; Halogen (Cl),[#6]-[#6]-[#7]-[#6@@H]; [#6]-[#6]-[#7]-[#6]; [#6]-[#6](:[#7]:[#7]:[#6]):[#8],O=C(O)c1ccc(Cl)cc1Cl,191.0,2.69,1,1,37.3,1,0.0,100.05
130,4,Ether / Carboxylic acid,low-MW fragment,Ether; Carboxylic acid; Hydroxyl (aliphatic); Ester; Ketone,[#6]-[#6](-[#6])(-[#6])-[#6]; [#6]-[#8]-[#6@](-[#6](=[#8])-[#6])(-[#6]-[#6])-[#6@](-[#6])(-[#6])-[#6@@H]; [#6]-[#6@H](-[#6]-[#6](:[#6]):[#7H])-[#7],O=C(O)c1ccc(Cl)cc1Cl,191.0,2.69,1,1,37.3,1,0.0,148.06666666666666
131,2,Primary amine / Tertiary amine,low-MW fragment,Primary amine; Tertiary amine; Thiol; Secondary amine; Ester,[#6]-[#6]-[#6]-[#6]-[#16]; [#6]-[#7]-[#6]-[#6]-[#7]; [#8]=[#16](=[#8])(-[#8])-[#6](:[#6]:[#6]):[#6]:[#6],O=C(O)c1ccc(Cl)cc1Cl,191.0,2.69,1,1,37.3,1,0.0,166.75
132,2,Ketone / Hydroxyl (aliphatic),low-MW fragment,Ketone; Hydroxyl (aliphatic),[#6]:[#6](-[#6](=[#7])-[#7]):[#6]; [#6]-[#6@@](-[#6@@H])(-[#6@@H])-[#6@@](-[#6]-[#6])(-[#8])-[#6@H](-[#6])-[#6@@H]; [#7]=[#6](-[#7])-[#6](:[#6]):[#6],O=C(O)c1ccc(Cl)cc1Cl,191.0,2.69,1,1,37.3,1,0.0,163.71666666666667
133,6,Ether / Thiol,low-MW fragment,Ether; Thiol; Primary amine; Tertiary amine,[#6]-[#6@H](-[#6])-[#6@](-[#6@H](-[#6@H])-[#6])(-[#6])-[#6]-[#6@H]; [#6]:[#7]:[#6](-[#6]-[#7]):[#6]:[#7]; [#6]-[#6@@H](-[#6])-[#6@@](-[#6]-[#6@@H])(-[#6])-[#6@@H](-[#6])-[#6@H],O=C(O)c1ccc(Cl)cc1Cl,191.0,2.69,1,1,37.3,1,0.0,225.66666666666666
134,3,Primary amine / Ether,low-MW fragment,Primary amine; Ether; Carboxylic acid,[#6]-[#6]-[#6]-[#15+](-[#6])(-[#6])-[#6]; [#6]-[#15+](-[#6])(-[#6]-[#6]-[#6])-[#6]; [#6]-[#15+](-[#6])(-[#6])-[#6]-[#6]-[#6],O=C(O)c1ccc(Cl)cc1Cl,191.0,2.69,1,1,37.3,1,0.0,118.88333333333334
135,9,Halogen (F) / Thioether,low-MW fragment,Halogen (F); Thioether; Tertiary amine; Halogen (Cl); Halogen (Br),[#7]:[#7]:[#7]:[#7H]:[#6]; [#6]-[#6](-[#17])-[#35]; [#7]:[#7](-[#6]):[#6](:[#6](=[#8]):[#7H]):[#6](:[#7]):[#6],O=C(O)c1ccc(Cl)cc1Cl,191.0,2.69,1,1,37.3,1,0.0,91.71666666666667
136,18,Ether / Secondary amine,low-MW fragment,Ether; Secondary amine; Thioether; Amide; Primary amine,[#6]-[#7]-[#6]; [#7]:[#6](-[#17]):[#7]:[#6](-[#7]):[#7]; [#7]-[#6](:[#7]:[#6](-[#17]):[#7]):[#7],O=C(O)c1ccc(Cl)cc1Cl,191.0,2.69,1,1,37.3,1,0.0,73.23333333333333
137,2,Halogen (Cl) / Halogen (F),low-MW fragment,Halogen (Cl); Halogen (F); Carboxylic acid; Primary amine; Tertiary amine,[#6]:[#6]:[#6](-[#17]):[#6](:[#6]):[#6]; [#6]-[#6](:[#6]:[#6](-[#9]):[#6]):[#6]; [#17]-[#6](:[#6]:[#6]):[#6](:[#6]):[#6],O=C(O)c1ccc(Cl)cc1Cl,191.0,2.69,1,1,37.3,1,0.0,278.8
138,3,Ester / Ether,low-MW fragment,Ester; Ether; Sulfonamide,[#6]-[#7](-[#7])-[#6]; [#7]=[#6](-[#7]-[#7])-[#7]-[#7]; [#6]-[#6](=[#6])-[#6](=[#8])-[#8]-[#6],O=C(O)c1ccc(Cl)cc1Cl,191.0,2.69,1,1,37.3,1,0.0,142.31666666666666
139,12,Halogen (Cl) / Ether,HB-donor-rich; flat/aromatic; flexible,Halogen (Cl); Ether; Amide; Primary amine; Hydroxyl (aliphatic),[#6]:[#6]:[#6](-[#17]):[#6]:[#6]; [#6]:[#6](-[#17]):[#6]; [#17]-[#6](:[#6]):[#6],Cc1ccccc1OCC(O)CNCCOc1ccc(C(N)=O)cc1,344.4,1.5,3,5,93.8,2,0.32,4.95
140,19,Primary amine / Hydroxyl (aliphatic),low-MW fragment,Primary amine; Hydroxyl (aliphatic); Amide; Thiol; Secondary amine,[#6]=[#6](-[#6])-[#6@@H](-[#6]-[#6])-[#7](-[#6])-[#6]; [#6]-[#6@](-[#8])(-[#6])-[#6@H]; [#7]-[#6](=[#8])-[#6]-[#16]-[#15],O=C(O)c1ccc(Cl)cc1Cl,191.0,2.69,1,1,37.3,1,0.0,105.23333333333333
141,2,Thiol / Amide,low-MW fragment,Thiol; Amide; Carboxylic acid; Halogen (Br); Primary amine,[#6]-[#7]-[#6](=[#8])-[#7-]-[#16]; [#6]-[#6](-[#6]-[#6](=[#8])-[#8])-[#6]; [#7]-[#6](:[#6]):[#6](:[#6](:[#6]):[#6]):[#6](:[#6])-[#16],O=C(O)c1ccc(Cl)cc1Cl,191.0,2.69,1,1,37.3,1,0.0,246.28333333333333
142,3,Ketone / Primary amine,low-MW fragment,Ketone; Primary amine,[#6]-[#6](=[#8])-[#6](:[#6]):[#6]; [#6]-[#6](:[#6]:[#6](-[#6]):[#6]):[#6]; [#6]-[#6](=[#7+](-[#6]-[#6])-[#6]-[#6])-[#6],O=C(O)c1ccc(Cl)cc1Cl,191.0,2.69,1,1,37.3,1,0.0,147.83333333333334
143,5,Hydroxyl (aliphatic) / Halogen (I),low-MW fragment,Hydroxyl (aliphatic); Halogen (I); Ketone; Ether; Halogen (Cl),[#8]:[#6](:[#6]):[#6]; [#6]:[#6](:[#8]):[#6]; [#6]-[#6](:[#6]):[#6](:[#6]:[#6])-[#8],O=C(O)c1ccc(Cl)cc1Cl,191.0,2.69,1,1,37.3,1,0.0,166.25
144,7,Halogen (Cl) / Ether,low-MW fragment,Halogen (Cl); Ether; Tertiary amine; Hydroxyl (aliphatic); Secondary amine,[#6]-[#6@@](-[#6@@H])(-[#6])-[#6]-[#6]-[#6]; [#6]-[#6]-[#6]-[#6@@](-[#6])(-[#6])-[#6@H]; [#6]:[#6]:[#6](-[#8]):[#6](-[#17]):[#6],O=C(O)c1ccc(Cl)cc1Cl,191.0,2.69,1,1,37.3,1,0.0,156.61666666666667
145,17,Hydroxyl (aliphatic) / Primary amine,low-MW fragment,Hydroxyl (aliphatic); Primary amine; Ether; Amide; Halogen (Cl),[#6]-[#6](-[#6](:[#6]:[#6]):[#6]:[#6])-[#6]; [#6]-[#6](-[#6])-[#6](:[#6]:[#6]):[#6]:[#6]; [#7]-[#6@H](-[#8]-[#6@H](-[#6])-[#6@@H])-[#6@@H],O=C(O)c1ccc(Cl)cc1Cl,191.0,2.69,1,1,37.3,1,0.0,85.05
146,5,Thioether / Hydroxyl (aliphatic),low-MW fragment,Thioether; Hydroxyl (aliphatic); Ether; Ketone; Amide,[#6]:[#6](:[#6]):[#6](:[#6](:[#8]):[#6]):[#6]:[#6]; [#6]=[#6]-[#6]-[#7](:[#6]):[#6]; [#7]-[#6](=[#8])-[#6]=[#6]-[#6@],O=C(O)c1ccc(Cl)cc1Cl,191.0,2.69,1,1,37.3,1,0.0,188.55
147,16,Primary amine / Amide,low-MW fragment,Primary amine; Amide; Hydroxyl (aliphatic); Thioether; Halogen (Cl),[#7+]-[#6]; [#6]-[#6](:[#6]):[#6](:[#6](:[#6]):[#7H]):[#6](:[#6])-[#6]; [#7]:[#7]:[#6]:[#6]:[#6],O=C(O)c1ccc(Cl)cc1Cl,191.0,2.69,1,1,37.3,1,0.0,78.73333333333333
148,14,Tertiary amine / Primary amine,low-MW fragment,Tertiary amine; Primary amine; Hydroxyl (aliphatic); Thiol; Amide,[#7]-[#6](:[#6]:[#6]:[#6]):[#6]; [#7]-[#6](:[#6]):[#6]:[#6]:[#6]; [#6]-[#7](-[#6])-[#6],O=C(O)c1ccc(Cl)cc1Cl,191.0,2.69,1,1,37.3,1,0.0,70.25
149,2,Ether / Amide,low-MW fragment,Ether; Amide; Primary amine; Ketone,[#6]=[#6]-[#6]=[#6]-[#6]; [#6]:[#6](-[#8]-[#6](=[#8])-[#6]):[#6]; [#6]-[#7]-[#6](=[#8])-[#6](:[#6]):[#6],O=C(O)c1ccc(Cl)cc1Cl,191.0,2.69,1,1,37.3,1,0.0,168.25
150,3,Primary amine / Tertiary amine,low-MW fragment,Primary amine; Tertiary amine; Ester; Ether; Cyano,[#6]:[#6]:[#6](:[#6]:[#6]):[#6](:[#6]):[#7]; [#6]-[#6](-[#6])-[#6](-[#8]-[#6])=[#8]; [#7]#[#6]-[Fe-2](-[#6])(-[#6])(-[#6])(-[#6])-[#7],O=C(O)c1ccc(Cl)cc1Cl,191.0,2.69,1,1,37.3,1,0.0,155.15
151,2,Halogen (F) / Secondary amine,low-MW fragment,Halogen (F); Secondary amine; Primary amine; Hydroxyl (aliphatic); Ether,[#6]-[#6](:[#6]):[#6]:[#6](:[#6])-[#9]; [#7]:[#6](-[#6](:[#6]:[#6]):[#6]:[#6]):[#8]; [#6]-[#6]-[#7]-[#6]-[#6],O=C(O)c1ccc(Cl)cc1Cl,191.0,2.69,1,1,37.3,1,0.0,239.4
152,3,Ester / Ether,low-MW fragment,Ester; Ether; Thiol; Amide; Tertiary amine,[#6]-[#8]-[#6](=[#8])-[#6](:[#6]):[#6]; [#8]=[#6](-[#8]-[#6])-[#6](:[#6]):[#6]; [#7]-[#6](-[#6])=[#6](-[#6]-[#7+])-[#6]-[#16],O=C(O)c1ccc(Cl)cc1Cl,191.0,2.69,1,1,37.3,1,0.0,201.68333333333334
153,2,Halogen (Cl) / Halogen (F),low-MW fragment,Halogen (Cl); Halogen (F); Primary amine; Secondary amine,[#6]:[#6](-[#7]-[#6]-[#6]):[#6]; [#6]-[#6](-[#6])(-[#6])-[#6]; [#6]-[#6]-[#6]-[#17],O=C(O)c1ccc(Cl)cc1Cl,191.0,2.69,1,1,37.3,1,0.0,186.45
154,5,Ether / Hydroxyl (aliphatic),low-MW fragment,Ether; Hydroxyl (aliphatic); Thiol; Halogen (Cl),[#6]-[#8]-[#6]; [#6]:[#7](-[#6]):[#6]; [#6]-[#7](:[#6]):[#6],O=C(O)c1ccc(Cl)cc1Cl,191.0,2.69,1,1,37.3,1,0.0,105.86666666666666
155,3,Ketone / Secondary amine,low-MW fragment,Ketone; Secondary amine; Hydroxyl (aliphatic); Thiol; Primary amine,[#6](-[#6@H])-[#6]-[#6](=[#8])-[#6@]; [#6]-[#7]-[#6]-[#6](-[#6])-[#8]; [#6]:[#6](:[#6](:[#6]:[#6]):[#6](:[#6]):[#7])-[#6],O=C(O)c1ccc(Cl)cc1Cl,191.0,2.69,1,1,37.3,1,0.0,161.85
156,2,Ether / Amide,low-MW fragment,Ether; Amide; Thiol; Halogen (Cl),[#7]-[#6](=[#8])-[#6](:[#6]:[#6]):[#7H]:[#6]; [#6]:[#7](-[#6@H](-[#6]-[#16])-[#8]-[#6@H]):[#6]; [#7]-[#6](:[#6](-[#17]):[#6]:[#6]):[#6],O=C(O)c1ccc(Cl)cc1Cl,191.0,2.69,1,1,37.3,1,0.0,254.76666666666668
157,2,Halogen (Cl) / Hydroxyl (aliphatic),low-MW fragment,Halogen (Cl); Hydroxyl (aliphatic); Primary amine,[#17]-[Si](-[#17])(-[#6](:[#6]):[#6])-[#6](:[#6]):[#6]; [#6]-[#8]-[#15](=[#16])(-[#17])-[#8]; [#8]-[#15](=[#16])(-[#17])-[#8]-[#6],O=C(O)c1ccc(Cl)cc1Cl,191.0,2.69,1,1,37.3,1,0.0,258.98333333333335
158,3,Hydroxyl (aliphatic) / Secondary amine,low-MW fragment,Hydroxyl (aliphatic); Secondary amine; Ester; Ether,[#6]-[#6]-[#6](-[#6](:[#6]):[#7H])(-[#6]-[#6])-[#6]-[#6]; [#6]-[Si](-[#6])(-[#6]-[#6]-[#6])-[#8]; [#8]-[Si](-[#6])(-[#6])-[#6]-[#6]-[#6],O=C(O)c1ccc(Cl)cc1Cl,191.0,2.69,1,1,37.3,1,0.0,222.13333333333333
159,2,Hydroxyl (aliphatic) / Secondary amine,low-MW fragment,Hydroxyl (aliphatic); Secondary amine; Primary amine; Halogen (Br); Ketone,[#6]-[#6]-[#7]-[#6](:[#6]):[#6]; [#6]-[#7]-[#6@H](-[#6@@H](-[#6])-[#8])-[#6@H](-[#6@@H])-[#8]; [#7]-[#6]-[#6]-[#7](:[#7]):[#6],O=C(O)c1ccc(Cl)cc1Cl,191.0,2.69,1,1,37.3,1,0.0,216.13333333333333
160,11,Ether / Hydroxyl (aliphatic),low-MW fragment,Ether; Hydroxyl (aliphatic); Ester; Halogen (Br); Tertiary amine,[#6]-[#6]-[#8]-[#6](=[#8])-[#6]; [#6]-[#6](=[#8])-[#8]-[#6]-[#6]; [#6]-[#6]-[#6](-[#6]-[#6])-[#6]-[#8],O=C(O)c1ccc(Cl)cc1Cl,191.0,2.69,1,1,37.3,1,0.0,68.36666666666666
161,2,Primary amine / Sulfonamide,low-MW fragment,Primary amine; Sulfonamide; Hydroxyl (aliphatic); Ketone; Amide,[#6]-[#6@](-[#7])(-[#6]-[#6](:[#6]):[#6])-[#6]; [#6]=[#6](-[#6])-[#7](-[#6](:[#6]):[#6])-[#16](=[#8])(=[#8])-[#6]; [#6]-[#6@@](-[#6])(-[#7])-[#6]-[#6](:[#6]):[#6],O=C(O)c1ccc(Cl)cc1Cl,191.0,2.69,1,1,37.3,1,0.0,242.73333333333332
162,3,Thioether / Hydroxyl (aliphatic),low-MW fragment,Thioether; Hydroxyl (aliphatic); Ether; Halogen (Cl); Primary amine,[#7]-[#6](:[#6]:[#6]:[#7]):[#6]; [#6]-[#6@H](-[#6@@H])-[#6]-[#6@@H](-[#6])-[#6]; [#6]-[#6](:[#6]:[#6]):[#16]:[#6],O=C(O)c1ccc(Cl)cc1Cl,191.0,2.69,1,1,37.3,1,0.0,152.06666666666666
163,3,Ether / Hydroxyl (aliphatic),low-MW fragment,Ether; Hydroxyl (aliphatic); Ketone; Amide,[#8]-[#6](:[#6]):[#6](:[#6]:[#6])-[#8]-[#6]; [#6]-[#8]-[#6](:[#6]:[#6]):[#6](:[#6])-[#8]; [#6]-[#6]-[#8]-[#6]-[#6],O=C(O)c1ccc(Cl)cc1Cl,191.0,2.69,1,1,37.3,1,0.0,184.36666666666667
164,2,Secondary amine / Carboxylic acid,low-MW fragment,Secondary amine; Carboxylic acid; Ketone; Thiol; Ether,[#8]-[#6](=[#8])-[#6]-[#6](=[#8])-[#6]; [#6]-[#6]-[#7]-[#16]; [#8](-[#6@H](-[#6@@H])-[#6@@H])-[#6]-[#6@H],O=C(O)c1ccc(Cl)cc1Cl,191.0,2.69,1,1,37.3,1,0.0,252.88333333333333
165,4,Halogen (Cl) / Aldehyde,low-MW fragment,Halogen (Cl); Aldehyde; Ether; Amide; Primary amine,[#6]-[#6]=[#8]; [#6]-[#8]-[#6](-[#6])(-[#6])-[#6]; [#6]-[#6]-[#6](-[#6])(-[#6])-[#6],O=C(O)c1ccc(Cl)cc1Cl,191.0,2.69,1,1,37.3,1,0.0,199.81666666666666
166,6,Sulfone / Hydroxyl (aliphatic),low-MW fragment,Sulfone; Hydroxyl (aliphatic); Thiol; Amide; Thioether,[#6]-[#6](-[#8])-[#6]; [#8]-[#6@@H](-[#6@@H])-[#6]; [#8]-[#6@@H](-[#6@H])-[#6],O=C(O)c1ccc(Cl)cc1Cl,191.0,2.69,1,1,37.3,1,0.0,114.0
167,6,Ether / Carboxylic acid,low-MW fragment,Ether; Carboxylic acid; Ester; Hydroxyl (aliphatic); Thioether,[#6]-[#6](-[#6])-[#8]-[#6](-[#6])=[#8]; [#8]-[#6@](-[#6])(-[#8])-[#6@H]; [#6]-[#6@H](-[#6])-[#8]-[#6](-[#6])=[#8],O=C(O)c1ccc(Cl)cc1Cl,191.0,2.69,1,1,37.3,1,0.0,132.08333333333334
168,79,Hydroxyl (aliphatic) / Ketone,low-MW fragment,Hydroxyl (aliphatic); Ketone; Amide; Ether; Carboxylic acid,[#6]-[#6]-[#6]; [#6]-[#6](=[#8])-[#6]; [#6]=[#6]-[#6],O=C(O)c1ccc(Cl)cc1Cl,191.0,2.69,1,1,37.3,1,0.0,7.966666666666667
169,8,Primary amine / Thioether,low-MW fragment,Primary amine; Thioether; Ether; Amide; Hydroxyl (aliphatic),[#6]-[#6]-[#6]-[#6]-[#7+]; [#6]-[#16]-[#6]; [#6]-[#6]-[#7+](:[#6]:[#6]):[#6]:[#6],O=C(O)c1ccc(Cl)cc1Cl,191.0,2.69,1,1,37.3,1,0.0,128.18333333333334
170,6,Ether,low-MW fragment,Ether,[#6]-[#6](:[#6]:[#6]:[#6]):[#6]; [#6]:[#6]:[#6]:[#6](-[#6]):[#6]; [#6]:[#6](-[#6]):[#6],O=C(O)c1ccc(Cl)cc1Cl,191.0,2.69,1,1,37.3,1,0.0,75.01666666666667
171,2,Primary amine / Hydroxyl (aliphatic),low-MW fragment,Primary amine; Hydroxyl (aliphatic); Ether; Tertiary amine,[#8]-[#6]-[#7]; [#7]-[#6]-[#15](=[#8])(-[#8])-[#8]; [#6]-[#8]-[#6](:[#6]:[#6]):[#6](:[#6])-[#6@H],O=C(O)c1ccc(Cl)cc1Cl,191.0,2.69,1,1,37.3,1,0.0,220.36666666666667
172,4,Primary amine / Hydroxyl (aliphatic),low-MW fragment,Primary amine; Hydroxyl (aliphatic); Ether; Thiol; Carboxylic acid,[#6]-[#6](-[#6])-[#7]; [#6]-[#6]-[#6]-[#8]; [#6]-[#6@H](-[#6])-[#7],O=C(O)c1ccc(Cl)cc1Cl,191.0,2.69,1,1,37.3,1,0.0,120.36666666666666
173,4,Primary amine / Hydroxyl (aliphatic),low-MW fragment,Primary amine; Hydroxyl (aliphatic); Ether; Halogen (F); Tertiary amine,[#6]-[#8]-[#15](=[#8])(-[#8]-[#6])-[#8]-[#6]; [#7]-[#6]-[#7](-[#6](:[#6]):[#6])-[#6](-[#6])(-[#6])-[#6]; [#6]-[#6](-[#6])(-[#6])-[#7](-[#6]-[#7])-[#6](:[#6]):[#6],O=C(O)c1ccc(Cl)cc1Cl,191.0,2.69,1,1,37.3,1,0.0,146.76666666666668
174,2,Amide / Ester,low-MW fragment,Amide; Ester; Ether; Nitro group,[#7]-[#7+](=[#8])-[#8-]; [#6]-[#8]-[#6](=[#8])-[#7]-[#6]; [#6]:[#6](-[#8]):[#6](:[#6]:[#6]):[#6](:[#6]):[#6],O=C(O)c1ccc(Cl)cc1Cl,191.0,2.69,1,1,37.3,1,0.0,201.93333333333334
175,9,Hydroxyl (aliphatic) / Nitro group,low-MW fragment,Hydroxyl (aliphatic); Nitro group; Ether; Thioether; Ketone,[#6]-[#6](-[#6])(-[#6])-[#6]; [#7]-[#7]-[#6]; [#6]-[#7]-[#7],O=C(O)c1ccc(Cl)cc1Cl,191.0,2.69,1,1,37.3,1,0.0,81.61666666666666
176,5,Primary amine / Hydroxyl (aliphatic),low-MW fragment,Primary amine; Hydroxyl (aliphatic); Ether,[#6]-[#6](:[#6]:[#6]:[#6]):[#6]; [#6]-[#6](:[#6]):[#6]:[#6]:[#6]; [#7]:[#6](-[#6]):[#6],O=C(O)c1ccc(Cl)cc1Cl,191.0,2.69,1,1,37.3,1,0.0,79.45
177,4,Halogen (Cl) / Ether,low-MW fragment,Halogen (Cl); Ether; Primary amine,[#6]:[#6](-[#7]):[#6](-[#17]):[#6]:[#6]; [#7]-[#6](:[#6]):[#6](:[#6]:[#6])-[#17]; [#6]:[#6]:[#6](-[#17]):[#6](-[#7]):[#6],O=C(O)c1ccc(Cl)cc1Cl,191.0,2.69,1,1,37.3,1,0.0,196.8
178,2,Ether / Thiol,low-MW fragment,Ether; Thiol; Hydroxyl (aliphatic),[#7]:[#6]:[#7]:[#6](:[#6]):[#6]; [#6]-[#8]-[#6](-[#6])-[#8]-[#6]; [#6]-[#6]-[#6]-[#6@@H](-[#16])-[#6],O=C(O)c1ccc(Cl)cc1Cl,191.0,2.69,1,1,37.3,1,0.0,195.11666666666667
179,3,Hydroxyl (aliphatic) / Ether,low-MW fragment,Hydroxyl (aliphatic); Ether; Tertiary amine; Thiol; Primary amine,[#7+]-[#6]=[#6]; [#6]-[#7](-[#6]-[#6]-[#8])-[#6]; [#6]:[#6](:[#6])-[#6@H](-[#8]-[#6@H])-[#6@@H](-[#6@H])-[#8],O=C(O)c1ccc(Cl)cc1Cl,191.0,2.69,1,1,37.3,1,0.0,193.1
180,5,Carboxylic acid / Ester,low-MW fragment,Carboxylic acid; Ester; Ether; Hydroxyl (aliphatic); Thiol,[#6]=[#6](-[#6])-[#6](=[#8])-[#8]-[#6]; [#6]-[#8]-[#6](=[#8])-[#6](=[#6])-[#6]; [#6]-[#6](:[#7]:[#6]:[#6]):[#6],O=C(O)c1ccc(Cl)cc1Cl,191.0,2.69,1,1,37.3,1,0.0,84.55
181,4,Thiol / Hydroxyl (aliphatic),low-MW fragment,Thiol; Hydroxyl (aliphatic); Ketone; Thioether; Secondary amine,[#16]-[#6](:[#6]:[#6]:[#6]):[#6]; [#16]-[#6](:[#6]):[#6]:[#6]:[#6]; [#6]-[#6](=[#8])-[#6]-[#6],O=C(O)c1ccc(Cl)cc1Cl,191.0,2.69,1,1,37.3,1,0.0,155.73333333333332
182,2,Sulfoxide / Ester,low-MW fragment,Sulfoxide; Ester; Ether,[#6]:[#6](-[#7]):[#6]; [#7]-[#6](:[#6]):[#6]; [#6]-[#6]-[#16](=[#8])-[#6](:[#7]):[#7-],O=C(O)c1ccc(Cl)cc1Cl,191.0,2.69,1,1,37.3,1,0.0,166.33333333333334
183,7,Tertiary amine / Primary amine,low-MW fragment,Tertiary amine; Primary amine; Amide; Hydroxyl (aliphatic); Ether,[#6]-[#7](-[#6]-[#6]-[#6])-[#6]; [#6]-[#6]-[#6]-[#7](-[#6])-[#6]; [#7]-[#6](=[#8])-[#7],O=C(O)c1ccc(Cl)cc1Cl,191.0,2.69,1,1,37.3,1,0.0,120.9
184,7,Amide / Secondary amine,low-MW fragment,Amide; Secondary amine; Ester; Ether; Primary amine,[#6]:[#7](-[#6]):[#6]; [#6]-[#7](:[#6]):[#6]; [#6]-[#7](:[#6]):[#6](:[#7](:[#6])-[#6])=[#8],O=C(O)c1ccc(Cl)cc1Cl,191.0,2.69,1,1,37.3,1,0.0,76.71666666666667
185,3,Tertiary amine / Ether,low-MW fragment,Tertiary amine; Ether; Thiol,[#6]-[#6](=[#6])-[#6]; [#6]=[#6](-[#6])-[#6]; [#6]-[#15](=[#8])(-[#8-])-[#8],O=C(O)c1ccc(Cl)cc1Cl,191.0,2.69,1,1,37.3,1,0.0,203.01666666666668
186,3,Ketone / Ether,low-MW fragment,Ketone; Ether; Tertiary amine,[#6]-[#6](=[#8])-[#6]; [#6]:[#6](-[#8-]):[#6]; [#8]-[#6](:[#6]):[#6]:[#6](:[#6])-[#6],O=C(O)c1ccc(Cl)cc1Cl,191.0,2.69,1,1,37.3,1,0.0,157.85
187,3,Amide / Hydroxyl (aliphatic),low-MW fragment,Amide; Hydroxyl (aliphatic); Nitro group; Secondary amine,[#6]:[#6](-[#7+]):[#6]; [#6]:[#6](=[#8]):[#7H]; [#7]-[#6](=[#8])-[#6@H](-[#6]-[#8])-[#7]-[#6],O=C(O)c1ccc(Cl)cc1Cl,191.0,2.69,1,1,37.3,1,0.0,162.63333333333333
188,2,Amide / Carboxylic acid,low-MW fragment,Amide; Carboxylic acid; Ether; Ketone; Tertiary amine,[#6]:[#6](:[#6])-[#8]-[#6]-[#6]; [#6]:[#6](=[#8]):[#6](:[#6]:[#6]):[#6](:[#6]):[#7]; [#8]-[#6](=[#8])-[#7],O=C(O)c1ccc(Cl)cc1Cl,191.0,2.69,1,1,37.3,1,0.0,218.66666666666666
189,9,Carboxylic acid / Ester,low-MW fragment,Carboxylic acid; Ester; Ether; Primary amine; Ketone,[#6]-[#6](:[#6]:[#6]:[#6]):[#6]; [#6]-[#6](:[#6]):[#6]:[#6]:[#6]; [#6]:[#6]:[#6](-[#6](=[#8])-[#8]):[#6]:[#6],O=C(O)c1ccc(Cl)cc1Cl,191.0,2.69,1,1,37.3,1,0.0,26.25
190,13,Hydroxyl (aliphatic) / Secondary amine,low-MW fragment,Hydroxyl (aliphatic); Secondary amine; Primary amine; Ether; Halogen (F),[#6]-[#7]-[#6]; [#6]-[#7]-[#6]-[#6](-[#8])-[#6]; [#7]-[#6]-[#6]-[#7]-[#6],O=C(O)c1ccc(Cl)cc1Cl,191.0,2.69,1,1,37.3,1,0.0,43.96666666666667
191,2,Ketone / Tertiary amine,low-MW fragment,Ketone; Tertiary amine; Sulfonamide,[#6]-[#6](=[#8])-[#6]; [#6](-[#6@H])(=[#8])-[#6]; [#6]-[#7](-[#6])-[#6]-[#7](-[#6])-[#6],O=C(O)c1ccc(Cl)cc1Cl,191.0,2.69,1,1,37.3,1,0.0,222.41666666666666
192,3,Amide / Ketone,low-MW fragment,Amide; Ketone; Hydroxyl (aliphatic); Carboxylic acid,[#6]-[#6]=[#6]; [#6]-[#6](=[#8])-[#7]-[#6](:[#6]):[#6]; [#6]:[#6](-[#7]-[#6](-[#6])=[#8]):[#6],O=C(O)c1ccc(Cl)cc1Cl,191.0,2.69,1,1,37.3,1,0.0,190.93333333333334
193,9,Halogen (Cl) / Thiol,HB-donor-rich; flat/aromatic; flexible,Halogen (Cl); Thiol; Halogen (Br); Ester; Ether,[#6]-[#7](-[#6]-[#6](:[#6]):[#6])-[#6]; [#16]-[#6](=[#16])-[#7]; [#7]-[#6](=[#16])-[#16],Cc1ccccc1OCC(O)CNCCOc1ccc(C(N)=O)cc1,344.4,1.5,3,5,93.8,2,0.32,85.38333333333334
194,3,Primary amine / Hydroxyl (aliphatic),low-MW fragment,Primary amine; Hydroxyl (aliphatic); Halogen (Br); Thioether,[#6]:[#6]:[#7]:[#6](-[#6]):[#6]; [#6]-[#6](=[#6])-[#6](:[#6]:[#6]):[#6]:[#6]; [#6]=[#6](-[#6])-[#6](:[#6]:[#6]):[#6]:[#6],O=C(O)c1ccc(Cl)cc1Cl,191.0,2.69,1,1,37.3,1,0.0,173.73333333333332
195,11,Ether / Primary amine,low-MW fragment,Ether; Primary amine; Hydroxyl (aliphatic); Thiol; Ester,[#6]-[#6]-[#7]; [#6](-[#6@])-[#7]; [#6]-[#6](=[#8])-[#8]-[#6]-[#6],O=C(O)c1ccc(Cl)cc1Cl,191.0,2.69,1,1,37.3,1,0.0,95.16666666666667
196,4,Halogen (F) / Hydroxyl (aliphatic),low-MW fragment,Halogen (F); Hydroxyl (aliphatic); Ether; Halogen (Cl); Ester,[#6]-[#6]-[#6]-[#8]; [#6]-[#8]-[#6](=[#8])-[#6]-[#6]; [#7]-[#7]-[#6](=[#8])-[#6](:[#6]):[#6],O=C(O)c1ccc(Cl)cc1Cl,191.0,2.69,1,1,37.3,1,0.0,142.26666666666668
197,3,Amide / Ether,low-MW fragment,Amide; Ether; Hydroxyl (aliphatic); Thiol; Secondary amine,[#6]-[#6@@](-[#6@H])(-[#6@@H])-[#6@@H]; [#6]-[#6]-[#6](-[#8]-[#6])-[#6]-[#6]; [#7]=[#6](-[#7])-[#6](:[#6]:[#6]):[#6]:[#6],O=C(O)c1ccc(Cl)cc1Cl,191.0,2.69,1,1,37.3,1,0.0,211.08333333333334
198,3,Carboxylic acid / Ether,low-MW fragment,Carboxylic acid; Ether; Secondary amine; Amide,[#6]:[#6]:[#6](:[#6](:[#6])-[#6])-[#6](-[#8])=[#8]; [#8]=[#6](-[#8])-[#6](:[#6](-[#6]):[#6]):[#6]:[#6]; [#6]-[#7]-[#6](:[#6]:[#6]):[#6]:[#6],O=C(O)c1ccc(Cl)cc1Cl,191.0,2.69,1,1,37.3,1,0.0,173.1
199,2,Ether / Primary amine,low-MW fragment,Ether; Primary amine; Amide,[#6]:[#6](:[#6](-[#6](-[#6])-[#6]):[#6](-[#8]):[#6]):[#6]; [#6]=[#6](-[#6@H])-[#6]; [#6](-[#6@@H])(=[#6])-[#6],O=C(O)c1ccc(Cl)cc1Cl,191.0,2.69,1,1,37.3,1,0.0,280.06666666666666
200,8,Primary amine / Amide,low-MW fragment,Primary amine; Amide; Ether; Ester; Hydroxyl (aliphatic),[#6]-[#6](-[#6])-[#7]; [#6]-[#6@@H](-[#6])-[#7]; [#7]-[#6]-[#6]-[#8],O=C(O)c1ccc(Cl)cc1Cl,191.0,2.69,1,1,37.3,1,0.0,158.43333333333334
201,4,Amide / Primary amine,low-MW fragment,Amide; Primary amine; Thiol; Halogen (F); Tertiary amine,[#7H]:[#6]:[#7]; [#7]-[#6](=[#8])-[#6]; [#7]:[#6]:[#7H],O=C(O)c1ccc(Cl)cc1Cl,191.0,2.69,1,1,37.3,1,0.0,99.58333333333333
202,3,Amide / Carboxylic acid,low-MW fragment,Amide; Carboxylic acid; Cyano; Thiol; Primary amine,[#7]-[#6](:[#6](-[#6]):[#6]):[#6](:[#6])-[#6]; [#8]-[#6](:[#6]):[#6]:[#6](:[#6])-[#6]; [#8]-[Cr](-[#8])-[#8],O=C(O)c1ccc(Cl)cc1Cl,191.0,2.69,1,1,37.3,1,0.0,193.95
203,4,Ketone / Halogen (I),HB-donor-rich; flat/aromatic; flexible,Ketone; Halogen (I); Carboxylic acid; Halogen (Cl); Hydroxyl (aliphatic),[#6]-[#6](-[#6])(-[#6])-[#6]; [#6]=[#6](-[#6]=[#6]-[#6@H])-[#6@@H]; [#6]:[#6](-[#53]):[#6](-[#6](=[#8])-[#8-]):[#6](-[#53]):[#6],Cc1ccccc1OCC(O)CNCCOc1ccc(C(N)=O)cc1,344.4,1.5,3,5,93.8,2,0.32,196.55
204,7,Primary amine / Amide,low-MW fragment,Primary amine; Amide; Secondary amine; Tertiary amine; Ester,[#6]-[#6]-[#7]; [#7]-[#6]-[#6]; [#7]#[#6]-[#6](:[#6]:[#6]):[#6]:[#6],O=C(O)c1ccc(Cl)cc1Cl,191.0,2.69,1,1,37.3,1,0.0,110.48333333333333
205,3,Hydroxyl (aliphatic) / Ether,low-MW fragment,Hydroxyl (aliphatic); Ether; Tertiary amine; Amide; Ketone,[#7]-[#6](=[#8])-[#6@H](-[#6]-[#6])-[#7](-[#6])-[#6]; [#6]-[#6](-[#6])(-[#8])-[#8]-[#6@@H](-[#6@@H])-[#6@H]; [#6]-[#6@@H](-[#8])-[#6@@H](-[#6])-[#8],O=C(O)c1ccc(Cl)cc1Cl,191.0,2.69,1,1,37.3,1,0.0,176.61666666666667
206,4,Hydroxyl (aliphatic) / Thiol,low-MW fragment,Hydroxyl (aliphatic); Thiol; Ether; Primary amine; Amide,[#6]-[#7](-[#6](=[#8])-[#6]-[#7])-[#6]; [#16]:[#6](-[#6]):[#6]:[#6](-[#6]):[#6]; [#6]-[#7](-[#6]-[#6@H](-[#6])-[#8])-[#6],O=C(O)c1ccc(Cl)cc1Cl,191.0,2.69,1,1,37.3,1,0.0,175.36666666666667
207,2,Halogen (Cl) / Hydroxyl (aliphatic),low-MW fragment,Halogen (Cl); Hydroxyl (aliphatic); Ketone; Primary amine; Ether,[In]-[#17]; [#7+]-[#8-]; [#6](-[#6@])(=[#8])-[#6]-[#17],O=C(O)c1ccc(Cl)cc1Cl,191.0,2.69,1,1,37.3,1,0.0,193.55
208,3,Halogen (I) / Carboxylic acid,low-MW fragment,Halogen (I); Carboxylic acid; Hydroxyl (aliphatic),[As]-[#8]; [#6]:[#6]:[#6](-[#53]):[#6](-[#7]):[#6]; [#6]:[#6](-[#8]):[#6](:[#6]:[#6]):[#6](:[#6]):[#6],O=C(O)c1ccc(Cl)cc1Cl,191.0,2.69,1,1,37.3,1,0.0,191.88333333333333
209,7,Ether / Hydroxyl (aliphatic),low-MW fragment,Ether; Hydroxyl (aliphatic); Ester; Sulfoxide; Halogen (I),[#6]-[#6](:[#6]):[#8]:[#6]:[#6]; [#6]:[#6]:[#6]:[#6]:[#8]; [#6]-[#6](=[#8])-[#8]-[#6]-[#6],O=C(O)c1ccc(Cl)cc1Cl,191.0,2.69,1,1,37.3,1,0.0,116.9
210,6,Hydroxyl (aliphatic) / Ether,low-MW fragment,Hydroxyl (aliphatic); Ether; Thiol; Thioether,[#16]-[#16]-[#6]-[#6]-[#6]; [#16]-[#16]-[#7](-[#6]-[#6])-[#6]-[#6]; [#8]-[#6@H](-[#6@H])-[#6@H](-[#8]-[#6])-[#6@H](-[#8])-[#6@@H],O=C(O)c1ccc(Cl)cc1Cl,191.0,2.69,1,1,37.3,1,0.0,174.16666666666666
211,13,Carboxylic acid / Primary amine,low-MW fragment,Carboxylic acid; Primary amine; Thioether; Ether; Thiol,[#6]:[#6](-[#7]):[#6]; [#7]-[#6](:[#6]):[#6]; [#7]-[#6](:[#6]:[#6]:[#6]):[#6],O=C(O)c1ccc(Cl)cc1Cl,191.0,2.69,1,1,37.3,1,0.0,45.55
212,7,Ether / Halogen (Cl),low-MW fragment,Ether; Halogen (Cl); Ester; Primary amine; Hydroxyl (aliphatic),[Si]-[#8]-[#6]-[#6]; [#6]:[#6](-[#6]):[#6]:[#6](-[#17]):[#6]; [#6]-[#6]-[#8]-[Si],O=C(O)c1ccc(Cl)cc1Cl,191.0,2.69,1,1,37.3,1,0.0,144.15
213,4,Ketone / Amide,low-MW fragment,Ketone; Amide; Thiol,[#6]-[#6](-[#6])-[#6]; [#6]-[#6@H](-[#6@@H])-[#6]; [#6]-[#6@H](-[#6])-[#6@@H],O=C(O)c1ccc(Cl)cc1Cl,191.0,2.69,1,1,37.3,1,0.0,143.45
214,2,Thiol / Halogen (Cl),low-MW fragment,Thiol; Halogen (Cl); Hydroxyl (aliphatic); Ketone,[#16]-[#6](:[#6]:[#6]:[#6]):[#6]; [#6]-[#6](:[#6]):[#6](:[#6]:[#6])-[#17]; [#6]:[#7]:[#6](:[#6]:[#6]):[#6](:[#6]):[#7],O=C(O)c1ccc(Cl)cc1Cl,191.0,2.69,1,1,37.3,1,0.0,222.23333333333332
215,4,Ketone / Thiol,low-MW fragment,Ketone; Thiol; Thioether,[#6]:[#6]:[#6](=[#8]):[#6](:[#6]):[#6]; [#6]:[#6](:[#6](=[#8]):[#6]:[#6]):[#6]; [#6]:[#6](-[#16]-[#6](:[#7]):[#6]):[#7],O=C(O)c1ccc(Cl)cc1Cl,191.0,2.69,1,1,37.3,1,0.0,186.95
216,2,Halogen (Cl) / Primary amine,low-MW fragment,Halogen (Cl); Primary amine; Hydroxyl (aliphatic),[#6]=[#6](-[#17])-[#17]; [#6]-[#6](:[#6]:[#6](-[#8]):[#6]):[#6]; [#6]:[#6](-[#8]):[#6]:[#6](-[#6]):[#6],O=C(O)c1ccc(Cl)cc1Cl,191.0,2.69,1,1,37.3,1,0.0,265.65
217,4,Thiol / Halogen (Cl),low-MW fragment,Thiol; Halogen (Cl); Primary amine; Hydroxyl (aliphatic); Ester,[#16]-[#8]; [#6]:[#6]:[#6]:[#6](-[#17]):[#6]; [#6]-[#6]-[#6]-[#6]-[#7],O=C(O)c1ccc(Cl)cc1Cl,191.0,2.69,1,1,37.3,1,0.0,73.83333333333333
218,3,Halogen (Cl),low-MW fragment,Halogen (Cl),[#6]-[#6](-[#6])-[#6]; [#6]-[#6]-[#6]-[#7+](-[#6])(-[#6])-[#6]; [#6]-[#7+](-[#6])(-[#6]-[#6]-[#6])-[#6],O=C(O)c1ccc(Cl)cc1Cl,191.0,2.69,1,1,37.3,1,0.0,177.18333333333334
219,16,Hydroxyl (aliphatic) / Ketone,low-MW fragment,Hydroxyl (aliphatic); Ketone; Primary amine; Amide; Ether,[#6]-[#7]; [#7]-[#6]; [#6]:[#6](-[#16](=[#8])(=[#8])-[#8-]):[#6],O=C(O)c1ccc(Cl)cc1Cl,191.0,2.69,1,1,37.3,1,0.0,61.766666666666666
220,2,Halogen (Cl) / Halogen (F),low-MW fragment,Halogen (Cl); Halogen (F); Halogen (I),[#8]-[#15](=[#16])(-[#8])-[#8]-[#6](:[#6]):[#6]; [#6]-[#6](-[#6])(-[#6](:[#6]:[#6]):[#6]:[#6])-[#6]; [#6]-[#6](-[#6])(-[#6])-[#6](:[#6]:[#6]):[#6]:[#6],O=C(O)c1ccc(Cl)cc1Cl,191.0,2.69,1,1,37.3,1,0.0,226.4
221,6,Halogen (Br) / Sulfonamide,low-MW fragment,Halogen (Br); Sulfonamide; Hydroxyl (aliphatic); Amide,[#6]:[#6](-[#35]):[#6]; [#6]=[#6](-[#6])-[#6]; [#6]-[#6](:[#6]:[#6]):[#6](:[#6])-[#7],O=C(O)c1ccc(Cl)cc1Cl,191.0,2.69,1,1,37.3,1,0.0,79.8
222,4,Amide / Ether,low-MW fragment,Amide; Ether; Hydroxyl (aliphatic),[#15]=[#8]; [#6]-[#6](=[#8])-[#7]; [#7]-[#6](=[#8])-[#6],O=C(O)c1ccc(Cl)cc1Cl,191.0,2.69,1,1,37.3,1,0.0,57.13333333333333
223,2,Amide / Thiol,low-MW fragment,Amide; Thiol; Tertiary amine; Ketone,[#6]-[#6]-[#7](-[#6]-[#6])-[#6](-[#6])=[#8]; [#7](-[#6@@H])-[#6](=[#8])-[#6@H](-[#6])-[#16]; [#6](-[#6@H])(-[#6])(-[#6])-[#6],O=C(O)c1ccc(Cl)cc1Cl,191.0,2.69,1,1,37.3,1,0.0,208.2
224,2,Tertiary amine / Hydroxyl (aliphatic),low-MW fragment,Tertiary amine; Hydroxyl (aliphatic); Ester; Ether,[#6]-[#7](-[#6]-[#6]-[#6])-[#6]; [#6]-[#7](-[#6])-[#6]-[#6]-[#6]; [#6]=[#7]-[#7],O=C(O)c1ccc(Cl)cc1Cl,191.0,2.69,1,1,37.3,1,0.0,175.13333333333333
225,6,Primary amine / Tertiary amine,low-MW fragment,Primary amine; Tertiary amine; Ether; Ester; Hydroxyl (aliphatic),[#6]-[#7](-[#6])-[#6]; [#7]-[#8]-[#6]; [#6]-[#8]-[#7],O=C(O)c1ccc(Cl)cc1Cl,191.0,2.69,1,1,37.3,1,0.0,123.43333333333334
226,2,Halogen (F) / Thioether,low-MW fragment,Halogen (F); Thioether,[#7]-[#6](:[#6](-[#9]):[#6]:[#6]):[#6]; [#6]-[#6](=[#8])-[#16]-[#6]; [#7]-[#6](:[#6]):[#6](:[#6]:[#6])-[#9],O=C(O)c1ccc(Cl)cc1Cl,191.0,2.69,1,1,37.3,1,0.0,227.31666666666666
227,3,Hydroxyl (aliphatic) / Tertiary amine,low-MW fragment,Hydroxyl (aliphatic); Tertiary amine; Primary amine; Thiol,[#7]-[#6]-[#6]-[#8]; [#8]-[#6]-[#6]-[#7]; [#6]-[#7](-[#7])-[#6],O=C(O)c1ccc(Cl)cc1Cl,191.0,2.69,1,1,37.3,1,0.0,169.88333333333333
228,4,Halogen (F) / Primary amine,low-MW fragment,Halogen (F); Primary amine; Ether; Amide; Cyano,[#6]-[#6](-[#9])(-[#9])-[#9]; [#6]-[#6](-[#6])(-[#6]-[#6]-[#7])-[#6]; [#6]-[#6](-[#6])(-[#6])-[#6]-[#6]-[#7],O=C(O)c1ccc(Cl)cc1Cl,191.0,2.69,1,1,37.3,1,0.0,207.8
229,7,Ether / Hydroxyl (aliphatic),low-MW fragment,Ether; Hydroxyl (aliphatic); Ketone; Nitro group; Primary amine,[#6]-[#8]-[#6@H]; [#6]-[#8]-[#6@@H]; [#6]-[#6](=[#8])-[#6],O=C(O)c1ccc(Cl)cc1Cl,191.0,2.69,1,1,37.3,1,0.0,157.83333333333334
230,3,Thiol / Hydroxyl (aliphatic),low-MW fragment,Thiol; Hydroxyl (aliphatic); Halogen (F),[#6]-[#7](-[#6])-[#16]; [#6]:[#6](:[#6]):[#7](:[#6]:[#6])-[#6]; [#6]:[#6]:[#7](-[#6]):[#6](:[#6]):[#6],O=C(O)c1ccc(Cl)cc1Cl,191.0,2.69,1,1,37.3,1,0.0,223.38333333333333
231,8,Halogen (Cl) / Secondary amine,low-MW fragment,Halogen (Cl); Secondary amine; Hydroxyl (aliphatic); Ketone; Tertiary amine,[#6]-[#6](:[#6]):[#6]:[#7]:[#6]; [#7]:[#6]:[#6]; [#6]:[#6]:[#7],O=C(O)c1ccc(Cl)cc1Cl,191.0,2.69,1,1,37.3,1,0.0,42.53333333333333
232,2,Secondary amine / Nitro group,low-MW fragment,Secondary amine; Nitro group; Hydroxyl (aliphatic); Carboxylic acid; Halogen (Cl),[#6]-[#6]-[#7]-[#6]; [#6]-[#7]-[#6]-[#6]; [#7]:[#6](-[#7+](=[#8])-[#8-]):[#7],O=C(O)c1ccc(Cl)cc1Cl,191.0,2.69,1,1,37.3,1,0.0,226.98333333333332
233,6,Hydroxyl (aliphatic) / Carboxylic acid,low-MW fragment,Hydroxyl (aliphatic); Carboxylic acid; Ether; Halogen (Br); Ketone,[#6]-[#6](-[#6])-[#6](:[#6]:[#6]):[#6]:[#6]; [#6]-[#6@](-[#8])(-[#6@H])-[#6@]; [#6]-[#6]-[#6](=[#8])-[#8]-[#6@@H],O=C(O)c1ccc(Cl)cc1Cl,191.0,2.69,1,1,37.3,1,0.0,100.95
234,2,Amide / Primary amine,low-MW fragment,Amide; Primary amine,[#6]-[#6](=[#8])-[#7](-[#6](:[#6]):[#6])-[#7](-[#6])-[#6]; [#6]-[#7](-[#6])-[#7](-[#6](:[#6]):[#6])-[#6](=[#8])-[#6]; [#6]-[#6](=[#8])-[#7]-[#6](:[#6]):[#6],O=C(O)c1ccc(Cl)cc1Cl,191.0,2.69,1,1,37.3,1,0.0,180.46666666666667
235,5,Thiol / Secondary amine,low-MW fragment,Thiol; Secondary amine; Ketone; Tertiary amine; Ether,[#6]-[#6]-[#6]-[#6](=[#8])-[#6]; [#6]-[#7]-[#6]-[#7](-[#6])-[#6]; [#6]-[#6](=[#6]-[#6](=[#6])-[#6@@H])-[#6],O=C(O)c1ccc(Cl)cc1Cl,191.0,2.69,1,1,37.3,1,0.0,173.21666666666667
236,3,Secondary amine / Amide,low-MW fragment,Secondary amine; Amide; Primary amine; Ether,[#7]-[#6](=[#8])-[#6@H](-[#6]-[#6])-[#7]-[#6]; [#7]-[#6](=[#8])-[#6@@H](-[#6]-[#6])-[#7]-[#6]; [#7+](-[#6@H])(-[#6])(-[#6])-[#6],O=C(O)c1ccc(Cl)cc1Cl,191.0,2.69,1,1,37.3,1,0.0,219.18333333333334
237,2,Halogen (F) / Halogen (I),low-MW fragment,Halogen (F); Halogen (I); Ketone,[#6]-[#6](:[#7]):[#6]; [#7]:[#6](-[#6]):[#6]; [#6]-[#6](-[#9])(-[#9])-[#9],O=C(O)c1ccc(Cl)cc1Cl,191.0,2.69,1,1,37.3,1,0.0,230.38333333333333
238,1,Hydroxyl (aliphatic) / Ether,low-MW fragment,Hydroxyl (aliphatic); Ether,[#8]-[#6@@](-[#6])(-[#8]-[#6]-[#6@@H])-[#6@@H]; [#15]-[#8]-[#6](:[#6]:[#6]):[#6](:[#6])-[#6]; [#6]:[#6]:[#6](-[#6]-[#8]):[#6](-[#7+]):[#6],O=C(O)c1ccc(Cl)cc1Cl,191.0,2.69,1,1,37.3,1,0.0,222.33333333333334
239,3,Thiol / Primary amine,low-MW fragment,Thiol; Primary amine,[#6]-[#6]-[#6](:[#6]:[#6]):[#6]:[#6]; [#6]:[#6]:[#6](-[#6]-[#6]):[#6]:[#6]; [#6]=[#6](-[#6]-[#7+](:[#6]):[#6])-[#6],O=C(O)c1ccc(Cl)cc1Cl,191.0,2.69,1,1,37.3,1,0.0,201.26666666666668
240,1,Ether,low-MW fragment,Ether,[#6]-[#6]-[#6]; [#6]=[#6]-[#8]-[#6]-[#6]; [#6]-[#6]-[#8]-[#6]=[#6],O=C(O)c1ccc(Cl)cc1Cl,191.0,2.69,1,1,37.3,1,0.0,229.76666666666668
241,3,Primary amine / Tertiary amine,low-MW fragment,Primary amine; Tertiary amine; Hydroxyl (aliphatic); Ether,[#6]-[#6](:[#6]):[#6]:[#6](:[#6]):[#6]; [#6]-[#6]-[#6](-[#6]-[#6])-[#7](-[#6])-[#6]; [#7]:[#6](-[#6]-[#6@@H](-[#6])-[#6]):[#6],O=C(O)c1ccc(Cl)cc1Cl,191.0,2.69,1,1,37.3,1,0.0,221.98333333333332
242,6,Hydroxyl (aliphatic) / Ether,low-MW fragment,Hydroxyl (aliphatic); Ether; Amide; Carboxylic acid; Primary amine,[#6]-[#6]-[#7]; [#6]=[#6]-[#6](-[#6])(-[#6])-[#8]; [#6]:[#7]:[#6](-[#8]-[#6]):[#7]:[#6],O=C(O)c1ccc(Cl)cc1Cl,191.0,2.69,1,1,37.3,1,0.0,124.65
243,2,Hydroxyl (aliphatic) / Thiol,low-MW fragment,Hydroxyl (aliphatic); Thiol; Amide,[#6]=[#6]-[#6](:[#6]:[#6]):[#6]:[#6]; [#6]-[#7](-[#6]-[#6@H](-[#8])-[#6@@H])-[#6@@H]; [#6]:[#6](:[#16])-[#7],O=C(O)c1ccc(Cl)cc1Cl,191.0,2.69,1,1,37.3,1,0.0,196.78333333333333
244,1,Tertiary amine,low-MW fragment,Tertiary amine,[#6]-[#7](-[#6]-[#6])-[#6]-[#6]; [#6]-[#6](:[#6]:[#6]):[#6](:[#6])-[#6]; [#6]-[#6]-[#6](=[#8])-[#8]-[AlH3],O=C(O)c1ccc(Cl)cc1Cl,191.0,2.69,1,1,37.3,1,0.0,298.1666666666667
245,15,Ether / Primary amine,low-MW fragment,Ether; Primary amine; Hydroxyl (aliphatic); Amide; Halogen (F),[#6]-[#6]-[#6]-[#6]-[#7]; [#6]-[#6]-[#7](:[#6]:[#6]):[#6]:[#7+]; [#6]-[#7](-[#6](-[#6](:[#6]):[#6])-[#6](:[#6]):[#6])-[#6],O=C(O)c1ccc(Cl)cc1Cl,191.0,2.69,1,1,37.3,1,0.0,58.3
246,3,Carboxylic acid / Hydroxyl (aliphatic),low-MW fragment,Carboxylic acid; Hydroxyl (aliphatic); Amide; Ether,[#6]-[#6](=[#8])-[#8]; [#8]=[#6](-[#8])-[#6]; [#6]:[#6](-[#8-]):[#6],O=C(O)c1ccc(Cl)cc1Cl,191.0,2.69,1,1,37.3,1,0.0,156.13333333333333
247,4,Ether / Hydroxyl (aliphatic),low-MW fragment,Ether; Hydroxyl (aliphatic); Secondary amine,[#7]:[#6](:[#6]:[#6]:[#6]):[#7]; [#6]-[#6](:[#7]):[#6](:[#8]:[#6])-[#6]-[#8]; [#6]:[#6](-[#6](:[#8]:[#6]):[#6](:[#7])-[#6]):[#6],O=C(O)c1ccc(Cl)cc1Cl,191.0,2.69,1,1,37.3,1,0.0,135.01666666666668
248,2,Halogen (Cl),low-MW fragment,Halogen (Cl),[#6]-[#17]; [#17]-[#6]; [#6]=[#6]-[#6](=[#8])-[#8-],O=C(O)c1ccc(Cl)cc1Cl,191.0,2.69,1,1,37.3,1,0.0,91.18333333333334
249,3,Ether / Amide,low-MW fragment,Ether; Amide; Ketone; Hydroxyl (aliphatic),[#6]:[#8]:[#6]:[#6]:[#6]; [#6]:[#6]:[#6]:[#8]:[#6]; [#7]-[#6](=[#8])-[#7]-[#7](-[#6])-[#6],O=C(O)c1ccc(Cl)cc1Cl,191.0,2.69,1,1,37.3,1,0.0,146.5
250,4,Ether / Amide,low-MW fragment,Ether; Amide; Ester; Hydroxyl (aliphatic),[#6]-[#8]-[#6]; [#6]-[#6]-[#8]-[#6](:[#6]):[#6]; [#6]-[#8]-[#6@H],O=C(O)c1ccc(Cl)cc1Cl,191.0,2.69,1,1,37.3,1,0.0,113.03333333333333
251,3,Ether / Amide,low-MW fragment,Ether; Amide; Halogen (Cl); Halogen (I); Ester,[#6]-[#6](-[#17])-[#6]; [#6]-[#6](:[#6]):[#6](:[#7]:[#6])-[#8]-[#6]; [#7]-[#6](:[#6](-[#53]):[#6](-[#7]):[#6]):[#6],O=C(O)c1ccc(Cl)cc1Cl,191.0,2.69,1,1,37.3,1,0.0,191.88333333333333
252,4,Ether / Hydroxyl (aliphatic),low-MW fragment,Ether; Hydroxyl (aliphatic); Amide,[#6]-[#6]-[#8]-[#6]; [#6]-[#6](:[#6]):[#6]; [#6]:[#6](-[#6]):[#6],O=C(O)c1ccc(Cl)cc1Cl,191.0,2.69,1,1,37.3,1,0.0,55.61666666666667
253,1,Nitro group / Primary amine,low-MW fragment,Nitro group; Primary amine; Ether,[#6]=[#7]-[#7+](=[#8])-[#8-]; [#7]-[#6]-[#6]; [#6]-[#6](:[#6]):[#6](:[#6](:[#6])-[#8])-[#8]-[#6],O=C(O)c1ccc(Cl)cc1Cl,191.0,2.69,1,1,37.3,1,0.0,271.9166666666667
254,2,Secondary amine / Hydroxyl (aliphatic),low-MW fragment,Secondary amine; Hydroxyl (aliphatic); Ether,[#8]-[#6](:[#6]:[#6]:[#6]):[#6]; [#6]:[#6]:[#6]:[#6](-[#8]):[#6]; [#6]-[#7]-[#6]-[#6](-[#8])-[#6],O=C(O)c1ccc(Cl)cc1Cl,191.0,2.69,1,1,37.3,1,0.0,153.28333333333333
255,2,Halogen (Cl) / Tertiary amine,low-MW fragment,Halogen (Cl); Tertiary amine; Ester; Ether,[#6]:[#6](-[#17]):[#6]; [#7]:[#6]:[#6]:[#7](-[#6]):[#6]; [#6]-[#7](-[#6])-[#6@@H](-[#6](:[#6]):[#6])-[#6]-[#6],O=C(O)c1ccc(Cl)cc1Cl,191.0,2.69,1,1,37.3,1,0.0,131.18333333333334
256,2,Ether / Primary amine,low-MW fragment,Ether; Primary amine; Tertiary amine,[#6]-[#8]-[#6](:[#6]:[#6]):[#6](:[#6])-[#6]; [#6]:[#6]:[#6](-[#8]-[#6]):[#6](-[#6]):[#6]; [#6]-[#6](:[#7]:[#7]:[#6]):[#8],O=C(O)c1ccc(Cl)cc1Cl,191.0,2.69,1,1,37.3,1,0.0,234.1
257,8,Hydroxyl (aliphatic) / Carboxylic acid,low-MW fragment,Hydroxyl (aliphatic); Carboxylic acid; Halogen (Cl); Thioether; Ketone,[#6]=[#6]-[#6]-[#8]; [#8]-[#6](=[#8])-[#17]; [#6]-[#16]-[#6],O=C(O)c1ccc(Cl)cc1Cl,191.0,2.69,1,1,37.3,1,0.0,91.96666666666667
258,3,Ether / Thioether,low-MW fragment,Ether; Thioether; Halogen (F),[#16]:[#6](-[#6]):[#7]; [#6]-[#6](-[#6])(-[#6](=[#8])-[#7]=[#6])-[#6]; [#6]-[#6](:[#7]):[#16],O=C(O)c1ccc(Cl)cc1Cl,191.0,2.69,1,1,37.3,1,0.0,208.6
259,2,Ether / Tertiary amine,low-MW fragment,Ether; Tertiary amine; Halogen (Br); Primary amine; Carboxylic acid,[#6]-[#8]-[#6](:[#6]:[#6]):[#6](:[#6])-[#6@H]; [#6]-[#7](-[#6])-[#6]; [#6]:[#6](:[#6](:[#6]:[#6])-[#8]-[#6])-[#6@@H],O=C(O)c1ccc(Cl)cc1Cl,191.0,2.69,1,1,37.3,1,0.0,227.81666666666666
260,5,Hydroxyl (aliphatic) / Primary amine,low-MW fragment,Hydroxyl (aliphatic); Primary amine; Nitro group; Ether; Thiol,[#6]-[#7+](=[#8])-[#8-]; [#7]-[#6@@H](-[#6]-[#6]-[#6@@])-[#6@H]; [#8]=[#7+](-[#8-])-[#6],O=C(O)c1ccc(Cl)cc1Cl,191.0,2.69,1,1,37.3,1,0.0,221.53333333333333
261,3,Ether / Ester,low-MW fragment,Ether; Ester; Hydroxyl (aliphatic); Halogen (Br),[#8]-[#6](:[#6]):[#6](:[#6]:[#6])-[#35]; [#6]:[#6](-[#6]-[#8]):[#6]; [#6]-[#8]-[#6]-[#6@@H](-[#8])-[#6@H],O=C(O)c1ccc(Cl)cc1Cl,191.0,2.69,1,1,37.3,1,0.0,243.18333333333334
262,3,Amide / Hydroxyl (aliphatic),low-MW fragment,Amide; Hydroxyl (aliphatic); Ether; Nitro group; Ketone,[#6]-[#6](-[#6]-[#6]-[#6])-[#6]; [#6]-[#6](-[#6])-[#6]-[#6]-[#6]; [#6]-[#6](:[#6]):[#6](:[#6]:[#6])-[#7+](=[#8])-[#8-],O=C(O)c1ccc(Cl)cc1Cl,191.0,2.69,1,1,37.3,1,0.0,202.11666666666667
263,6,Carboxylic acid / Ester,HB-donor-rich; flat/aromatic; flexible,Carboxylic acid; Ester; Ether; Halogen (F); Halogen (Cl),[#8]-[#6](=[#8])-[#6](:[#6]:[#6]):[#6](:[#6])-[#8]; [#8]=[#6](-[#8])-[#6](:[#6]:[#6]):[#6](:[#6])-[#8]; [#6]-[#6](:[#6]:[#6](:[#6])-[#6]):[#6],Cc1ccccc1OCC(O)CNCCOc1ccc(C(N)=O)cc1,344.4,1.5,3,5,93.8,2,0.32,64.65
264,3,Amide / Tertiary amine,low-MW fragment,Amide; Tertiary amine; Ether; Halogen (F),[#6]-[#7](-[#6])-[#6](=[#8])-[#7]-[#6]; [#6]:[#6](:[#6]:[#6](-[#8]):[#6]):[#6]; [#6]-[#7]-[#6](=[#8])-[#7](-[#6])-[#6],O=C(O)c1ccc(Cl)cc1Cl,191.0,2.69,1,1,37.3,1,0.0,124.33333333333333
265,1,Hydroxyl (aliphatic) / Ether,low-MW fragment,Hydroxyl (aliphatic); Ether; Amide,[#6]-[#8]-[#6]-[#6]-[#8]; [#8]-[#6]-[#6]-[#8]-[#6]; [#8]=[#6](-[#6]-[#7](:[#6]):[#6])-[#7],O=C(O)c1ccc(Cl)cc1Cl,191.0,2.69,1,1,37.3,1,0.0,252.83333333333334
266,1,Primary amine,low-MW fragment,Primary amine,[#6]-[#6](:[#6]):[#6](:[#6](:[#7H]):[#6]):[#6]:[#6]; [#7]-[#6](-[#6](:[#6]:[#6]):[#6]:[#6])(-[#6])-[#6]; [#6]:[#6](:[#6]):[#7](:[#6](:[#7]):[#6]):[#6]:[#6],O=C(O)c1ccc(Cl)cc1Cl,191.0,2.69,1,1,37.3,1,0.0,298.35
267,2,Hydroxyl (aliphatic) / Amide,low-MW fragment,Hydroxyl (aliphatic); Amide,[#6]-[#7](:[#6](=[#8]):[#6](:[#6]):[#7]):[#6]; [#8]-[#15](=[#16])(-[#8])-[#6]; [#8]-[#6](=[#6])-[#6]-[#6@@H](-[#8])-[#6],O=C(O)c1ccc(Cl)cc1Cl,191.0,2.69,1,1,37.3,1,0.0,186.95
268,4,Hydroxyl (aliphatic) / Ether,low-MW fragment,Hydroxyl (aliphatic); Ether; Halogen (Cl); Nitro group; Halogen (Br),[#6]-[#6](:[#6]):[#7]:[#6](:[#6]):[#6]; [#6]-[#6](-[#8]-[#6](-[#6])-[#6])-[#6]; [#6]:[#7]:[#6](-[#17]):[#6](-[#17]):[#6],O=C(O)c1ccc(Cl)cc1Cl,191.0,2.69,1,1,37.3,1,0.0,166.58333333333334
269,4,Primary amine / Halogen (I),low-MW fragment,Primary amine; Halogen (I); Ether; Halogen (F),[#6]-[#7]; [#7]-[#6]; [#6]-[#7]-[#6](:[#6](-[#53]):[#6]):[#6](:[#6])-[#53],O=C(O)c1ccc(Cl)cc1Cl,191.0,2.69,1,1,37.3,1,0.0,96.91666666666667
270,4,Primary amine / Amide,low-MW fragment,Primary amine; Amide; Hydroxyl (aliphatic); Carboxylic acid; Tertiary amine,[#7]-[#6@H]; [#7]-[#6@@H]; [#6]-[#7],O=C(O)c1ccc(Cl)cc1Cl,191.0,2.69,1,1,37.3,1,0.0,77.41666666666667
271,3,Ether / Halogen (F),low-MW fragment,Ether; Halogen (F); Nitro group; Amide; Sulfonamide,[#6]:[#6]:[#6](-[#6]):[#6](-[#8]):[#6]; [#6]-[#8]-[#6](-[#6]-[#6])-[#6]-[#6]; [#6]-[#6]-[#6]-[#6](:[#6]):[#6],O=C(O)c1ccc(Cl)cc1Cl,191.0,2.69,1,1,37.3,1,0.0,239.95
272,1,Ketone / Ether,low-MW fragment,Ketone; Ether,[#6]-[#6](=[#8])-[#6]; [#6]-[#6]-[#6]-[#8]-[#15]; [#6]:[#6](-[#8]-[#6]-[#6]):[#6],O=C(O)c1ccc(Cl)cc1Cl,191.0,2.69,1,1,37.3,1,0.0,220.83333333333334
273,2,Ketone / Primary amine,low-MW fragment,Ketone; Primary amine; Hydroxyl (aliphatic); Thiol; Halogen (F),[#6]-[#6](=[#8])-[#6]; [#8]=[#6](-[#6])-[#6]; [#7]-[#6](-[#6]-[#6]-[#16])-[#6],O=C(O)c1ccc(Cl)cc1Cl,191.0,2.69,1,1,37.3,1,0.0,153.65
274,2,Halogen (Cl) / Hydroxyl (aliphatic),low-MW fragment,Halogen (Cl); Hydroxyl (aliphatic),[#6]-[#6](:[#6]):[#6](:[#6]:[#6])-[#17]; [#6]=[#6]-[#6@@H](-[#8])-[#6]-[#6@@H]; [#6]:[#6](-[#6]):[#6](-[#17]):[#6]:[#6],O=C(O)c1ccc(Cl)cc1Cl,191.0,2.69,1,1,37.3,1,0.0,197.2
275,2,Tertiary amine / Hydroxyl (aliphatic),low-MW fragment,Tertiary amine; Hydroxyl (aliphatic); Ester; Ether; Halogen (I),[#8]-[#6]-[#6]-[#7](-[#6])-[#6]; [#6]-[#8]-[#6](=[#8])-[#6](:[#6]):[#6]; [#6]#[#6]-[#53],O=C(O)c1ccc(Cl)cc1Cl,191.0,2.69,1,1,37.3,1,0.0,226.85
276,8,Hydroxyl (aliphatic) / Ether,low-MW fragment,Hydroxyl (aliphatic); Ether; Thiol; Nitro group; Amide,[#6]-[#6](-[#6])(-[#8]-[#6@H](-[#6])-[#6@])-[#8]; [#16]-[#6](:[#6]):[#8]; [#7]=[#6](-[#6]-[#8]-[#6])-[#7],O=C(O)c1ccc(Cl)cc1Cl,191.0,2.69,1,1,37.3,1,0.0,141.91666666666666
277,1,Ketone / Thioether,low-MW fragment,Ketone; Thioether,[#6]:[#6](-[#6](=[#8])-[#6]-[#6]):[#6]; [#6]-[#6]-[#6]-[#6]-[#6]; [#6]-[#16]-[#6]-[#6](:[#6]):[#6],O=C(O)c1ccc(Cl)cc1Cl,191.0,2.69,1,1,37.3,1,0.0,267.6
278,2,Thiol / Amide,low-MW fragment,Thiol; Amide; Halogen (Cl),[#8]:[#6](=[#8]):[#8]; [#6]-[#8]-[#16]; [#6]-[#7]-[#6](=[#8])-[#6]-[#17],O=C(O)c1ccc(Cl)cc1Cl,191.0,2.69,1,1,37.3,1,0.0,189.06666666666666
279,2,Hydroxyl (aliphatic) / Secondary amine,low-MW fragment,Hydroxyl (aliphatic); Secondary amine,[#8]-[#6](-[#6])(-[#6])-[#6]; [#6]:[#6](-[#6]-[#7]-[#6]):[#6]; [#6]-[#6](-[#6])=[#6]-[#6]-[#8],O=C(O)c1ccc(Cl)cc1Cl,191.0,2.69,1,1,37.3,1,0.0,232.81666666666666
280,3,Carboxylic acid / Halogen (Cl),low-MW fragment,,[#6]-[#6](:[#6]:[#6]):[#6](:[#6])-[#6]; [#6]:[#6]:[#6](-[#6]):[#6](-[#6]):[#6]; [#6]-[#7](:[#16]):[#6],O=C(O)c1ccc(Cl)cc1Cl,191.0,2.69,1,1,37.3,1,0.0,167.93333333333334
281,1,Carboxylic acid / Halogen (Cl),low-MW fragment,,[#6]-[#6]-[#6]; [#6]-[#6](:[#6]:[#6](-[#7+]):[#6]):[#6]; [#6]-[#8]-[#16](=[#8])(=[#8])-[#8],O=C(O)c1ccc(Cl)cc1Cl,191.0,2.69,1,1,37.3,1,0.0,272.23333333333335
282,3,Amide / Primary amine,low-MW fragment,Amide; Primary amine; Thioether; Sulfonamide; Ether,[#6]:[#6]:[#6](-[#16](=[#8])(=[#8])-[#8]):[#6]:[#6]; [#8]=[#6](:[#7H]):[#8]; [#7]-[#6]-[#6]-[#16]-[#6],O=C(O)c1ccc(Cl)cc1Cl,191.0,2.69,1,1,37.3,1,0.0,245.63333333333333
283,2,Ether / Nitro group,low-MW fragment,Ether; Nitro group; Hydroxyl (aliphatic); Halogen (Cl); Ketone,[#6]-[#6](:[#6]):[#6](:[#6]:[#6])-[#7+](=[#8])-[#8-]; [#6]-[#6](-[#6])(-[#6])-[#6]-[#8]-[#6]; [#7+]-[#6]-[#6](-[#6]-[#8])-[#8]-[#6],O=C(O)c1ccc(Cl)cc1Cl,191.0,2.69,1,1,37.3,1,0.0,206.23333333333332
284,2,Amide / Secondary amine,low-MW fragment,Amide; Secondary amine; Halogen (Br),[#7]-[#6](:[#6]):[#6](:[#6]:[#6])-[#6]-[#6]; [#6]-[#6]-[#6](:[#6]:[#6]):[#6](:[#6])-[#7]; [#7]-[#6](=[#8])-[#8]-[#7]=[#6],O=C(O)c1ccc(Cl)cc1Cl,191.0,2.69,1,1,37.3,1,0.0,222.25
285,1,Primary amine / Halogen (Cl),low-MW fragment,Primary amine; Halogen (Cl); Amide,[#7]-[#6](-[#6])(-[#6])-[#6]; [#6]=[#6]-[#17]; [#6](-[#6@H])(=[#8])-[#7]-[#6@H](-[#6@@H])-[#6@H],O=C(O)c1ccc(Cl)cc1Cl,191.0,2.69,1,1,37.3,1,0.0,253.21666666666667
286,2,Primary amine / Carboxylic acid,low-MW fragment,Primary amine; Carboxylic acid; Sulfonamide,[#7]-[#6]-[#6](=[#8])-[#8]; [#8]=[#6](-[#8])-[#6]-[#7]; [#7]:[#6](-[#16](=[#8])(=[#8])-[#7]-[#6]):[#7],O=C(O)c1ccc(Cl)cc1Cl,191.0,2.69,1,1,37.3,1,0.0,205.9
287,8,Primary amine / Thiol,low-MW fragment,Primary amine; Thiol; Thioether; Ether; Tertiary amine,[#6]:[#6]:[#6]:[#6](-[#7]):[#6]; [#7]-[#6](:[#6]:[#6]:[#6]):[#6]; [#7]-[#6](:[#6]:[#6]):[#6]:[#6],O=C(O)c1ccc(Cl)cc1Cl,191.0,2.69,1,1,37.3,1,0.0,18.333333333333332
288,2,Hydroxyl (aliphatic) / Amide,low-MW fragment,Hydroxyl (aliphatic); Amide,[#6]:[#6]:[#6](-[#16](=[#8])(=[#8])-[#8]):[#6]:[#6]; [#8]=[#16](=[#8])(-[#8])-[#6](:[#6]:[#6]):[#6]:[#6]; [#6]-[#6](-[#8])-[#6](:[#6]:[#6]):[#6]:[#6],O=C(O)c1ccc(Cl)cc1Cl,191.0,2.69,1,1,37.3,1,0.0,198.05
289,2,Ether / Ester,low-MW fragment,Ether; Ester,[#6]:[#6]:[#6](-[#6](-[#6])-[#6]):[#6]:[#6]; [#6](-[#6@H])(=[#8])-[#8]-[#6@@H](-[#6])-[#6@@H]; [#6]-[#6]-[#6](:[#6]:[#6]):[#6](:[#6])-[#7],O=C(O)c1ccc(Cl)cc1Cl,191.0,2.69,1,1,37.3,1,0.0,209.05
290,10,Carboxylic acid / Ketone,HB-donor-rich; flat/aromatic; flexible,Carboxylic acid; Ketone; Halogen (F); Halogen (Br); Thiol,[#6]:[#6](=[#8]):[#6](-[#6](=[#8])-[#8]):[#6]:[#7]; [#7]:[#6]:[#6](-[#6](=[#8])-[#8]):[#6](=[#8]):[#6]; [#8]=[#6](-[#8])-[#6](:[#6]:[#7]):[#6](:[#6])=[#8],Cc1ccccc1OCC(O)CNCCOc1ccc(C(N)=O)cc1,344.4,1.5,3,5,93.8,2,0.32,62.05
291,2,Carboxylic acid / Halogen (Cl),low-MW fragment,,[#6]-[#6](:[#6]:[#6]):[#6](:[#6])-[#7]; [#8]-[#6](:[#6]):[#6](:[#6]:[#6])-[#8]; [#6]-[#6]-[#7](:[#6]:[#7]):[#7]:[#7],O=C(O)c1ccc(Cl)cc1Cl,191.0,2.69,1,1,37.3,1,0.0,156.35
292,3,Hydroxyl (aliphatic) / Tertiary amine,low-MW fragment,Hydroxyl (aliphatic); Tertiary amine,[#6]-[#7](-[#6]-[#8])-[#6]; [#6]-[#7](:[#7]:[#6]:[#6]):[#6]; [#6]-[#6](-[#6])(-[#6]-[#8])-[#6],O=C(O)c1ccc(Cl)cc1Cl,191.0,2.69,1,1,37.3,1,0.0,178.73333333333332
293,3,Ketone / Ester,HB-donor-rich; flat/aromatic; flexible,Ketone; Ester; Ether; Hydroxyl (aliphatic),[#6]-[#6](=[#8])-[#6]; [#8]=[#6](-[#6])-[#6]; [#6]-[#6]=[#6]-[#6](=[#7+])-[#6],Cc1ccccc1OCC(O)CNCCOc1ccc(C(N)=O)cc1,344.4,1.5,3,5,93.8,2,0.32,100.63333333333334
294,2,Hydroxyl (aliphatic) / Ether,low-MW fragment,Hydroxyl (aliphatic); Ether; Primary amine; Carboxylic acid,[#7]-[#6@@H](-[#6]-[#6]-[#6@@H])-[#6]; [#8]-[#6@](-[#6])(-[#6@H](-[#6])-[#6]-[#6@H])-[#8]; [#6]-[#16]-[#7](-[#6]-[#6])-[#6]-[#6],O=C(O)c1ccc(Cl)cc1Cl,191.0,2.69,1,1,37.3,1,0.0,277.25
295,2,Halogen (Cl) / Amide,low-MW fragment,Halogen (Cl); Amide; Thiol; Ester; Ether,[#6]-[#6]-[#6]; [#6]-[#8]-[#15](=[#8])(-[#8])-[#8]; [#6]-[#6](:[#6]):[#6](:[#6]:[#6])-[#17],O=C(O)c1ccc(Cl)cc1Cl,191.0,2.69,1,1,37.3,1,0.0,184.5
296,10,Primary amine / Carboxylic acid,low-MW fragment,Primary amine; Carboxylic acid; Hydroxyl (aliphatic); Halogen (I); Halogen (F),[#7+]-[#6]-[#6]; [#6]-[#6]-[#6]-[#7+](-[#6])(-[#6])-[#6]; [#6]-[#6](=[#8])-[#8-],O=C(O)c1ccc(Cl)cc1Cl,191.0,2.69,1,1,37.3,1,0.0,73.48333333333333
297,1,Carboxylic acid / Halogen (Cl),low-MW fragment,,[#6]-[#6](=[#6])-[#6@@H]1-[#6]-[#6@@H]-[#6]-1(-[#6])-[#6]; [#6]=[#7]-[#6]-[#6](:[#6]):[#6]; [#6]-[#6](-[#6])-[#6]-[#6](-[#6])(-[#6@@H])-[#6],O=C(O)c1ccc(Cl)cc1Cl,191.0,2.69,1,1,37.3,1,0.0,221.7
298,4,Primary amine / Halogen (Br),low-MW fragment,Primary amine; Halogen (Br); Ketone; Halogen (F); Tertiary amine,[#6]:[#6](-[#8]):[#6]:[#6](-[#6@H]):[#6]; [#6]-[#6](=[#8])/[#6](-[#35])=[#6]\[#6]; [#6]:[#6](-[#8]):[#6]:[#6](-[#6@@H]):[#6],O=C(O)c1ccc(Cl)cc1Cl,191.0,2.69,1,1,37.3,1,0.0,179.23333333333332
299,7,Amide / Ester,low-MW fragment,Amide; Ester; Ether; Halogen (Cl); Carboxylic acid,[#6]-[#6](-[#17])-[#17]; [#6]:[#6]:[#6](:[#6]:[#6]):[#6](:[#7]):[#6]; [#7]:[#6](:[#6](:[#6]:[#6]):[#6]:[#6]):[#6],O=C(O)c1ccc(Cl)cc1Cl,191.0,2.69,1,1,37.3,1,0.0,99.96666666666667
