task,cluster,n_bits,mean_rank,rank_std,n_seeds,n_active_mols,top_fg,top_fg_enrichment
NR-AR,63,51,0.2,0.4472135954999579,5,2400,Secondary amine; Indole; Amide; Sulfonamide; Thiophene,2.14; 2.08; 2.08; 2.06; 1.85
NR-AR,168,79,0.8,0.4472135954999579,5,1964,Piperidine; Piperazine; Thiophene; Tertiary amine; Indole,3.06; 2.14; 2.01; 1.99; 1.87
NR-AR,128,42,4.8,2.588435821108957,5,2454,Furan; Morpholine; Thiophene; Piperazine; Ketone,2.61; 2.61; 1.73; 1.71; 1.69
NR-AR,29,39,5.2,2.949576240750525,5,1763,Aldehyde; Thiophene; Thioether; Sulfoxide; Piperazine,3.64; 3.64; 2.66; 2.35; 2.18
NR-AR,7,33,5.8,2.8635642126552705,5,2223,Halogen (F); Piperazine; Morpholine; Piperidine; Sulfoxide,2.88; 2.82; 2.64; 2.56; 2.21
NR-AR,23,30,7.2,3.8987177379235853,5,824,Sulfoxide; Indole; Thiophene; Piperidine; Tertiary amine,3.20; 2.22; 1.80; 1.53; 1.46
NR-AR,15,26,8.4,3.646916505762094,5,718,Sulfoxide; Phenol; Halogen (I); Sulfonamide; Nitro group,3.15; 2.88; 2.09; 1.89; 1.65
NR-AR,81,19,9.6,6.06630035524124,5,525,Halogen (I); Thiophene; Secondary amine; Piperidine; Hydroxyl (aliphatic),2.48; 2.44; 1.77; 1.71; 1.65
NR-AR,70,27,10.6,8.87693640846886,5,2801,Ester; Ether; Amide; Ketone; Carboxylic acid,2.14; 1.63; 1.52; 1.47; 1.43
NR-AR,62,24,13.0,6.892024376045111,5,1314,Nitro group; Sulfonamide; Sulfone; Thiophene; Thioether,4.88; 2.74; 2.55; 1.58; 1.45
NR-AR,110,20,15.0,5.787918451395113,5,1830,Indole; Primary amine; Secondary amine; Hydroxyl (aliphatic); Piperidine,2.27; 2.07; 1.96; 1.72; 1.70
NR-AR,74,19,18.2,16.69431040804022,5,1438,Phenol; Sulfoxide; Halogen (I); Indole; Sulfonamide,4.46; 2.88; 2.23; 1.97; 1.96
NR-AR,66,13,19.2,7.293833011524188,5,1198,Thiophene; Furan; Sulfonamide; Ester; Aromatic amine,1.89; 1.63; 1.61; 1.50; 1.48
NR-AR,33,17,23.0,12.649110640673518,5,695,Indole; Sulfoxide; Halogen (F); Ether; Ester,2.52; 2.17; 1.58; 1.53; 1.46
NR-AR,49,17,23.0,10.88577052853862,5,513,Aldehyde; Sulfoxide; Indole; Furan; Primary amine,2.40; 2.21; 2.11; 1.91; 1.83
NR-AR,31,20,27.4,18.635986692418516,5,368,Piperazine; Ketone; Indole; Sulfone; Hydroxyl (aliphatic),2.70; 2.34; 2.04; 1.98; 1.91
NR-AR,113,13,28.2,15.17234326002414,5,250,Sulfone; Halogen (F); Indole; Hydroxyl (aliphatic); Pyridine,2.91; 2.28; 2.00; 1.67; 1.63
NR-AR,108,14,32.4,15.290519938837921,5,420,Sulfoxide; Thioether; Secondary amine; Piperidine; Primary amine,2.69; 2.47; 2.37; 2.23; 2.06
NR-AR,24,21,37.0,11.291589790636214,5,935,Thioether; Sulfoxide; Indole; Piperazine; Piperidine,4.18; 2.82; 1.78; 1.64; 1.47
NR-AR,0,20,38.8,10.61602562167217,5,1323,Aldehyde; Furan; Ester; Ether; Cyano,4.85; 2.55; 1.65; 1.32; 1.26
NR-AR-LBD,168,79,0.4,0.5477225575051662,5,1964,Piperidine; Piperazine; Thiophene; Tertiary amine; Indole,3.06; 2.14; 2.01; 1.99; 1.87
NR-AR-LBD,63,51,1.4,1.3416407864998738,5,2400,Secondary amine; Indole; Amide; Sulfonamide; Thiophene,2.14; 2.08; 2.08; 2.06; 1.85
NR-AR-LBD,276,8,5.8,9.093954035511725,5,171,Indole; Piperazine; Hydroxyl (aliphatic); Ketone; Pyrimidine,3.41; 2.38; 2.31; 1.92; 1.74
NR-AR-LBD,7,33,6.4,3.0495901363953815,5,2223,Halogen (F); Piperazine; Morpholine; Piperidine; Sulfoxide,2.88; 2.82; 2.64; 2.56; 2.21
NR-AR-LBD,29,39,6.6,5.319774431308154,5,1763,Aldehyde; Thiophene; Thioether; Sulfoxide; Piperazine,3.64; 3.64; 2.66; 2.35; 2.18
NR-AR-LBD,128,42,7.2,5.674504383644443,5,2454,Furan; Morpholine; Thiophene; Piperazine; Ketone,2.61; 2.61; 1.73; 1.71; 1.69
NR-AR-LBD,49,17,11.6,5.128352561983234,5,513,Aldehyde; Sulfoxide; Indole; Furan; Primary amine,2.40; 2.21; 2.11; 1.91; 1.83
NR-AR-LBD,23,30,14.4,10.644247272588137,5,824,Sulfoxide; Indole; Thiophene; Piperidine; Tertiary amine,3.20; 2.22; 1.80; 1.53; 1.46
NR-AR-LBD,15,26,14.4,16.14930339054908,5,718,Sulfoxide; Phenol; Halogen (I); Sulfonamide; Nitro group,3.15; 2.88; 2.09; 1.89; 1.65
NR-AR-LBD,24,21,17.0,4.301162633521313,5,935,Thioether; Sulfoxide; Indole; Piperazine; Piperidine,4.18; 2.82; 1.78; 1.64; 1.47
NR-AR-LBD,33,17,20.0,14.491376746189438,5,695,Indole; Sulfoxide; Halogen (F); Ether; Ester,2.52; 2.17; 1.58; 1.53; 1.46
NR-AR-LBD,113,13,20.4,6.4265076052238514,5,250,Sulfone; Halogen (F); Indole; Hydroxyl (aliphatic); Pyridine,2.91; 2.28; 2.00; 1.67; 1.63
NR-AR-LBD,46,13,21.0,18.627936010197157,5,637,Indole; Thiophene; Secondary amine; Primary amine; Piperidine,6.01; 2.32; 1.94; 1.80; 1.77
NR-AR-LBD,81,19,22.6,13.145341380123988,5,525,Halogen (I); Thiophene; Secondary amine; Piperidine; Hydroxyl (aliphatic),2.48; 2.44; 1.77; 1.71; 1.65
NR-AR-LBD,110,20,23.8,9.731392500562292,5,1830,Indole; Primary amine; Secondary amine; Hydroxyl (aliphatic); Piperidine,2.27; 2.07; 1.96; 1.72; 1.70
NR-AR-LBD,10,17,26.0,11.510864433221338,5,1232,Tertiary amine; Thiophene; Halogen (Br); Thiol; Indole,2.65; 2.00; 1.85; 1.73; 1.69
NR-AR-LBD,245,15,27.4,16.133815419794537,5,686,Piperazine; Pyridine; Sulfone; Thioether; Halogen (F),3.22; 2.56; 2.55; 2.51; 2.41
NR-AR-LBD,22,13,30.4,10.4546640309481,5,392,Furan; Thioether; Thiophene; Morpholine; Sulfonamide,3.05; 2.59; 2.26; 2.22; 2.00
NR-AR-LBD,62,24,30.8,7.496665925596525,5,1314,Nitro group; Sulfonamide; Sulfone; Thiophene; Thioether,4.88; 2.74; 2.55; 1.58; 1.45
NR-AR-LBD,93,16,32.6,17.686152775547317,5,670,Aldehyde; Pyridine; Sulfoxide; Indole; Piperazine,2.39; 1.75; 1.69; 1.62; 1.55
NR-AhR,63,51,0.0,0.0,5,2400,Secondary amine; Indole; Amide; Sulfonamide; Thiophene,2.14; 2.08; 2.08; 2.06; 1.85
NR-AhR,168,79,2.0,1.2247448713915892,5,1964,Piperidine; Piperazine; Thiophene; Tertiary amine; Indole,3.06; 2.14; 2.01; 1.99; 1.87
NR-AhR,140,19,4.2,3.271085446759225,5,374,Indole; Secondary amine; Thiophene; Piperidine; Piperazine,4.01; 3.31; 2.90; 2.25; 2.05
NR-AhR,29,39,4.6,2.302172886644268,5,1763,Aldehyde; Thiophene; Thioether; Sulfoxide; Piperazine,3.64; 3.64; 2.66; 2.35; 2.18
NR-AhR,23,30,6.2,5.06951674225463,5,824,Sulfoxide; Indole; Thiophene; Piperidine; Tertiary amine,3.20; 2.22; 1.80; 1.53; 1.46
NR-AhR,128,42,7.8,2.949576240750525,5,2454,Furan; Morpholine; Thiophene; Piperazine; Ketone,2.61; 2.61; 1.73; 1.71; 1.69
NR-AhR,62,24,8.0,5.1478150704935,5,1314,Nitro group; Sulfonamide; Sulfone; Thiophene; Thioether,4.88; 2.74; 2.55; 1.58; 1.45
NR-AhR,145,17,9.6,3.361547262794322,5,537,Sulfoxide; Sulfonamide; Pyridine; Halogen (F); Sulfone,2.81; 2.79; 2.27; 2.12; 1.90
NR-AhR,6,18,10.6,3.2093613071762426,5,1359,Indole; Piperidine; Pyridine; Piperazine; Furan,4.72; 2.52; 2.42; 2.39; 2.24
NR-AhR,21,13,10.6,9.071934744033381,5,338,Sulfoxide; Furan; Indole; Secondary amine; Piperidine,4.46; 2.57; 2.46; 2.16; 2.04
NR-AhR,92,21,13.4,5.941380311005179,5,459,Primary amine; Sulfoxide; Piperidine; Thiophene; Furan,3.55; 2.46; 2.29; 2.15; 1.89
NR-AhR,129,9,13.8,8.64291617453276,5,328,Thiophene; Cyano; Halogen (I); Piperidine; Halogen (Cl),3.01; 2.65; 2.44; 2.39; 1.96
NR-AhR,15,26,15.6,10.96813566655701,5,718,Sulfoxide; Phenol; Halogen (I); Sulfonamide; Nitro group,3.15; 2.88; 2.09; 1.89; 1.65
NR-AhR,24,21,17.2,13.330416347586446,5,935,Thioether; Sulfoxide; Indole; Piperazine; Piperidine,4.18; 2.82; 1.78; 1.64; 1.47
NR-AhR,136,18,19.6,14.099645385611653,5,574,Pyrimidine; Thiophene; Indole; Thioether; Halogen (I),5.71; 3.09; 2.76; 2.14; 1.92
NR-AhR,81,19,20.4,10.784247771634329,5,525,Halogen (I); Thiophene; Secondary amine; Piperidine; Hydroxyl (aliphatic),2.48; 2.44; 1.77; 1.71; 1.65
NR-AhR,112,10,20.4,13.464768843169942,5,278,Sulfone; Pyridine; Piperazine; Indole; Pyrimidine,6.29; 2.99; 2.92; 2.70; 2.68
NR-AhR,31,20,21.0,8.06225774829855,5,368,Piperazine; Ketone; Indole; Sulfone; Hydroxyl (aliphatic),2.70; 2.34; 2.04; 1.98; 1.91
NR-AhR,190,13,24.6,13.049904214207858,5,793,Secondary amine; Hydroxyl (aliphatic); Morpholine; Aldehyde; Halogen (F),3.62; 2.75; 1.78; 1.48; 1.38
NR-AhR,108,14,26.6,13.427583550289308,5,420,Sulfoxide; Thioether; Secondary amine; Piperidine; Primary amine,2.69; 2.47; 2.37; 2.23; 2.06
NR-Aromatase,168,79,0.0,0.0,5,1964,Piperidine; Piperazine; Thiophene; Tertiary amine; Indole,3.06; 2.14; 2.01; 1.99; 1.87
NR-Aromatase,63,51,2.0,1.4142135623730951,5,2400,Secondary amine; Indole; Amide; Sulfonamide; Thiophene,2.14; 2.08; 2.08; 2.06; 1.85
NR-Aromatase,23,30,2.6,1.9493588689617927,5,824,Sulfoxide; Indole; Thiophene; Piperidine; Tertiary amine,3.20; 2.22; 1.80; 1.53; 1.46
NR-Aromatase,29,39,3.0,1.5811388300841898,5,1763,Aldehyde; Thiophene; Thioether; Sulfoxide; Piperazine,3.64; 3.64; 2.66; 2.35; 2.18
NR-Aromatase,128,42,3.8,1.0954451150103321,5,2454,Furan; Morpholine; Thiophene; Piperazine; Ketone,2.61; 2.61; 1.73; 1.71; 1.69
NR-Aromatase,33,17,6.2,2.16794833886788,5,695,Indole; Sulfoxide; Halogen (F); Ether; Ester,2.52; 2.17; 1.58; 1.53; 1.46
NR-Aromatase,15,26,9.8,5.357238094391549,5,718,Sulfoxide; Phenol; Halogen (I); Sulfonamide; Nitro group,3.15; 2.88; 2.09; 1.89; 1.65
NR-Aromatase,7,33,11.8,7.854934754662192,5,2223,Halogen (F); Piperazine; Morpholine; Piperidine; Sulfoxide,2.88; 2.82; 2.64; 2.56; 2.21
NR-Aromatase,62,24,14.8,8.87130204648675,5,1314,Nitro group; Sulfonamide; Sulfone; Thiophene; Thioether,4.88; 2.74; 2.55; 1.58; 1.45
NR-Aromatase,110,20,16.6,9.939818911831342,5,1830,Indole; Primary amine; Secondary amine; Hydroxyl (aliphatic); Piperidine,2.27; 2.07; 1.96; 1.72; 1.70
NR-Aromatase,31,20,20.8,10.545141061171254,5,368,Piperazine; Ketone; Indole; Sulfone; Hydroxyl (aliphatic),2.70; 2.34; 2.04; 1.98; 1.91
NR-Aromatase,84,15,23.0,15.411035007422441,5,1006,Sulfonamide; Sulfone; Halogen (F); Thiophene; Aromatic amine,6.02; 5.21; 1.86; 1.57; 1.54
NR-Aromatase,140,19,23.2,8.613942186943213,5,374,Indole; Secondary amine; Thiophene; Piperidine; Piperazine,4.01; 3.31; 2.90; 2.25; 2.05
NR-Aromatase,24,21,28.4,11.717508267545622,5,935,Thioether; Sulfoxide; Indole; Piperazine; Piperidine,4.18; 2.82; 1.78; 1.64; 1.47
NR-Aromatase,219,16,30.0,17.930421077041107,5,597,Indole; Sulfoxide; Amide; Thiophene; Hydroxyl (aliphatic),3.35; 2.53; 2.36; 1.82; 1.66
NR-Aromatase,10,17,31.0,9.246621004453464,5,1232,Tertiary amine; Thiophene; Halogen (Br); Thiol; Indole,2.65; 2.00; 1.85; 1.73; 1.69
NR-ER,168,79,0.0,0.0,5,1964,Piperidine; Piperazine; Thiophene; Tertiary amine; Indole,3.06; 2.14; 2.01; 1.99; 1.87
NR-ER,63,51,2.0,0.7071067811865476,5,2400,Secondary amine; Indole; Amide; Sulfonamide; Thiophene,2.14; 2.08; 2.08; 2.06; 1.85
NR-ER,23,30,4.4,3.9749213828703582,5,824,Sulfoxide; Indole; Thiophene; Piperidine; Tertiary amine,3.20; 2.22; 1.80; 1.53; 1.46
NR-ER,29,39,5.0,3.872983346207417,5,1763,Aldehyde; Thiophene; Thioether; Sulfoxide; Piperazine,3.64; 3.64; 2.66; 2.35; 2.18
NR-ER,128,42,5.2,3.271085446759225,5,2454,Furan; Morpholine; Thiophene; Piperazine; Ketone,2.61; 2.61; 1.73; 1.71; 1.69
NR-ER,7,33,5.8,4.868264577855235,5,2223,Halogen (F); Piperazine; Morpholine; Piperidine; Sulfoxide,2.88; 2.82; 2.64; 2.56; 2.21
NR-ER,140,19,12.8,7.563068160475615,5,374,Indole; Secondary amine; Thiophene; Piperidine; Piperazine,4.01; 3.31; 2.90; 2.25; 2.05
NR-ER,219,16,13.2,10.59245014149229,5,597,Indole; Sulfoxide; Amide; Thiophene; Hydroxyl (aliphatic),3.35; 2.53; 2.36; 1.82; 1.66
NR-ER,15,26,14.2,8.318653737234168,5,718,Sulfoxide; Phenol; Halogen (I); Sulfonamide; Nitro group,3.15; 2.88; 2.09; 1.89; 1.65
NR-ER,70,27,14.2,13.311649033834987,5,2801,Ester; Ether; Amide; Ketone; Carboxylic acid,2.14; 1.63; 1.52; 1.47; 1.43
NR-ER,81,19,14.8,11.755849607748475,5,525,Halogen (I); Thiophene; Secondary amine; Piperidine; Hydroxyl (aliphatic),2.48; 2.44; 1.77; 1.71; 1.65
NR-ER,49,17,14.8,14.463747785411636,5,513,Aldehyde; Sulfoxide; Indole; Furan; Primary amine,2.40; 2.21; 2.11; 1.91; 1.83
NR-ER,113,13,22.2,11.166915420114902,5,250,Sulfone; Halogen (F); Indole; Hydroxyl (aliphatic); Pyridine,2.91; 2.28; 2.00; 1.67; 1.63
NR-ER,126,10,22.8,7.395944834840239,5,395,Indole; Piperidine; Thiophene; Sulfone; Piperazine,5.27; 2.33; 2.25; 1.84; 1.83
NR-ER,10,17,26.4,10.526157893552615,5,1232,Tertiary amine; Thiophene; Halogen (Br); Thiol; Indole,2.65; 2.00; 1.85; 1.73; 1.69
NR-ER,39,9,27.4,18.008331405213532,5,263,Aldehyde; Morpholine; Halogen (I); Thiophene; Furan,4.45; 3.31; 2.29; 2.25; 2.07
NR-ER,74,19,32.6,9.126883367283709,5,1438,Phenol; Sulfoxide; Halogen (I); Indole; Sulfonamide,4.46; 2.88; 2.23; 1.97; 1.96
NR-ER,108,14,32.8,11.734564329364767,5,420,Sulfoxide; Thioether; Secondary amine; Piperidine; Primary amine,2.69; 2.47; 2.37; 2.23; 2.06
NR-ER-LBD,168,79,0.0,0.0,5,1964,Piperidine; Piperazine; Thiophene; Tertiary amine; Indole,3.06; 2.14; 2.01; 1.99; 1.87
NR-ER-LBD,128,42,2.0,0.7071067811865476,5,2454,Furan; Morpholine; Thiophene; Piperazine; Ketone,2.61; 2.61; 1.73; 1.71; 1.69
NR-ER-LBD,63,51,3.8,1.6431676725154982,5,2400,Secondary amine; Indole; Amide; Sulfonamide; Thiophene,2.14; 2.08; 2.08; 2.06; 1.85
NR-ER-LBD,31,20,4.2,3.03315017762062,5,368,Piperazine; Ketone; Indole; Sulfone; Hydroxyl (aliphatic),2.70; 2.34; 2.04; 1.98; 1.91
NR-ER-LBD,219,16,5.6,3.646916505762094,5,597,Indole; Sulfoxide; Amide; Thiophene; Hydroxyl (aliphatic),3.35; 2.53; 2.36; 1.82; 1.66
NR-ER-LBD,46,13,5.6,2.1908902300206643,5,637,Indole; Thiophene; Secondary amine; Primary amine; Piperidine,6.01; 2.32; 1.94; 1.80; 1.77
NR-ER-LBD,23,30,6.6,3.0495901363953815,5,824,Sulfoxide; Indole; Thiophene; Piperidine; Tertiary amine,3.20; 2.22; 1.80; 1.53; 1.46
NR-ER-LBD,74,19,7.8,4.324349662087931,5,1438,Phenol; Sulfoxide; Halogen (I); Indole; Sulfonamide,4.46; 2.88; 2.23; 1.97; 1.96
NR-ER-LBD,29,39,9.6,4.774934554525329,5,1763,Aldehyde; Thiophene; Thioether; Sulfoxide; Piperazine,3.64; 3.64; 2.66; 2.35; 2.18
NR-ER-LBD,7,33,13.0,3.1622776601683795,5,2223,Halogen (F); Piperazine; Morpholine; Piperidine; Sulfoxide,2.88; 2.82; 2.64; 2.56; 2.21
NR-ER-LBD,108,14,14.2,8.497058314499201,5,420,Sulfoxide; Thioether; Secondary amine; Piperidine; Primary amine,2.69; 2.47; 2.37; 2.23; 2.06
NR-ER-LBD,136,18,14.6,14.604793733565703,5,574,Pyrimidine; Thiophene; Indole; Thioether; Halogen (I),5.71; 3.09; 2.76; 2.14; 1.92
NR-ER-LBD,62,24,16.0,4.949747468305833,5,1314,Nitro group; Sulfonamide; Sulfone; Thiophene; Thioether,4.88; 2.74; 2.55; 1.58; 1.45
NR-ER-LBD,93,16,16.6,10.573551910309043,5,670,Aldehyde; Pyridine; Sulfoxide; Indole; Piperazine,2.39; 1.75; 1.69; 1.62; 1.55
NR-ER-LBD,69,8,18.0,7.681145747868608,5,169,Sulfoxide; Indole; Thiophene; Secondary amine; Thioether,4.46; 3.94; 3.50; 2.75; 2.23
NR-ER-LBD,15,26,19.2,5.403702434442518,5,718,Sulfoxide; Phenol; Halogen (I); Sulfonamide; Nitro group,3.15; 2.88; 2.09; 1.89; 1.65
NR-ER-LBD,0,20,22.6,17.357995275952806,5,1323,Aldehyde; Furan; Ester; Ether; Cyano,4.85; 2.55; 1.65; 1.32; 1.26
NR-ER-LBD,70,27,24.4,13.315404612703288,5,2801,Ester; Ether; Amide; Ketone; Carboxylic acid,2.14; 1.63; 1.52; 1.47; 1.43
NR-ER-LBD,147,16,24.6,16.667333320000534,5,575,Sulfoxide; Piperidine; Indole; Pyridine; Tertiary amine,5.90; 2.96; 2.46; 2.12; 2.09
NR-ER-LBD,81,19,26.6,11.523888232710346,5,525,Halogen (I); Thiophene; Secondary amine; Piperidine; Hydroxyl (aliphatic),2.48; 2.44; 1.77; 1.71; 1.65
NR-ER-LBD,148,14,29.6,12.856904759700136,5,382,Thiophene; Tertiary amine; Cyano; Aldehyde; Sulfone,2.32; 2.09; 1.97; 1.94; 1.91
NR-ER-LBD,64,7,31.6,8.792041856133306,5,160,Sulfone; Halogen (Br); Indole; Cyano; Phenol,6.37; 2.56; 2.08; 1.98; 1.53
NR-ER-LBD,49,17,34.2,6.1400325732035,5,513,Aldehyde; Sulfoxide; Indole; Furan; Primary amine,2.40; 2.21; 2.11; 1.91; 1.83
NR-PPAR-gamma,168,79,0.4,0.5477225575051662,5,1964,Piperidine; Piperazine; Thiophene; Tertiary amine; Indole,3.06; 2.14; 2.01; 1.99; 1.87
NR-PPAR-gamma,63,51,1.0,0.7071067811865476,5,2400,Secondary amine; Indole; Amide; Sulfonamide; Thiophene,2.14; 2.08; 2.08; 2.06; 1.85
NR-PPAR-gamma,128,42,3.6,1.8165902124584952,5,2454,Furan; Morpholine; Thiophene; Piperazine; Ketone,2.61; 2.61; 1.73; 1.71; 1.69
NR-PPAR-gamma,29,39,5.0,1.8708286933869707,5,1763,Aldehyde; Thiophene; Thioether; Sulfoxide; Piperazine,3.64; 3.64; 2.66; 2.35; 2.18
NR-PPAR-gamma,23,30,6.4,3.361547262794322,5,824,Sulfoxide; Indole; Thiophene; Piperidine; Tertiary amine,3.20; 2.22; 1.80; 1.53; 1.46
NR-PPAR-gamma,46,13,8.8,10.329569206893384,5,637,Indole; Thiophene; Secondary amine; Primary amine; Piperidine,6.01; 2.32; 1.94; 1.80; 1.77
NR-PPAR-gamma,140,19,12.2,6.300793600809347,5,374,Indole; Secondary amine; Thiophene; Piperidine; Piperazine,4.01; 3.31; 2.90; 2.25; 2.05
NR-PPAR-gamma,15,26,12.8,3.7013511046643495,5,718,Sulfoxide; Phenol; Halogen (I); Sulfonamide; Nitro group,3.15; 2.88; 2.09; 1.89; 1.65
NR-PPAR-gamma,0,20,16.6,4.277849927241488,5,1323,Aldehyde; Furan; Ester; Ether; Cyano,4.85; 2.55; 1.65; 1.32; 1.26
NR-PPAR-gamma,7,33,19.0,12.186057606953941,5,2223,Halogen (F); Piperazine; Morpholine; Piperidine; Sulfoxide,2.88; 2.82; 2.64; 2.56; 2.21
NR-PPAR-gamma,70,27,19.8,15.990622251807464,5,2801,Ester; Ether; Amide; Ketone; Carboxylic acid,2.14; 1.63; 1.52; 1.47; 1.43
NR-PPAR-gamma,33,17,22.6,10.96813566655701,5,695,Indole; Sulfoxide; Halogen (F); Ether; Ester,2.52; 2.17; 1.58; 1.53; 1.46
NR-PPAR-gamma,74,19,23.4,13.95707705789432,5,1438,Phenol; Sulfoxide; Halogen (I); Indole; Sulfonamide,4.46; 2.88; 2.23; 1.97; 1.96
NR-PPAR-gamma,31,20,23.8,7.014271166700073,5,368,Piperazine; Ketone; Indole; Sulfone; Hydroxyl (aliphatic),2.70; 2.34; 2.04; 1.98; 1.91
NR-PPAR-gamma,56,17,23.8,17.21046193453273,5,726,Thiophene; Sulfonamide; Ketone; Sulfoxide; Halogen (I),2.45; 2.31; 2.24; 2.08; 1.93
NR-PPAR-gamma,22,13,24.0,7.968688725254614,5,392,Furan; Thioether; Thiophene; Morpholine; Sulfonamide,3.05; 2.59; 2.26; 2.22; 2.00
NR-PPAR-gamma,6,18,24.8,12.891857895586657,5,1359,Indole; Piperidine; Pyridine; Piperazine; Furan,4.72; 2.52; 2.42; 2.39; 2.24
NR-PPAR-gamma,10,17,25.4,14.570518178843194,5,1232,Tertiary amine; Thiophene; Halogen (Br); Thiol; Indole,2.65; 2.00; 1.85; 1.73; 1.69
NR-PPAR-gamma,110,20,26.0,12.469963913339926,5,1830,Indole; Primary amine; Secondary amine; Hydroxyl (aliphatic); Piperidine,2.27; 2.07; 1.96; 1.72; 1.70
NR-PPAR-gamma,62,24,26.6,15.533834040570925,5,1314,Nitro group; Sulfonamide; Sulfone; Thiophene; Thioether,4.88; 2.74; 2.55; 1.58; 1.45
NR-PPAR-gamma,81,19,27.0,14.882876066137216,5,525,Halogen (I); Thiophene; Secondary amine; Piperidine; Hydroxyl (aliphatic),2.48; 2.44; 1.77; 1.71; 1.65
NR-PPAR-gamma,129,9,30.0,14.866068747318506,5,328,Thiophene; Cyano; Halogen (I); Piperidine; Halogen (Cl),3.01; 2.65; 2.44; 2.39; 1.96
NR-PPAR-gamma,24,21,32.4,7.987490219086343,5,935,Thioether; Sulfoxide; Indole; Piperazine; Piperidine,4.18; 2.82; 1.78; 1.64; 1.47
NR-PPAR-gamma,49,17,34.0,16.852299546352718,5,513,Aldehyde; Sulfoxide; Indole; Furan; Primary amine,2.40; 2.21; 2.11; 1.91; 1.83
SR-ARE,168,79,0.0,0.0,5,1964,Piperidine; Piperazine; Thiophene; Tertiary amine; Indole,3.06; 2.14; 2.01; 1.99; 1.87
SR-ARE,63,51,1.4,0.5477225575051662,5,2400,Secondary amine; Indole; Amide; Sulfonamide; Thiophene,2.14; 2.08; 2.08; 2.06; 1.85
SR-ARE,128,42,2.0,1.0,5,2454,Furan; Morpholine; Thiophene; Piperazine; Ketone,2.61; 2.61; 1.73; 1.71; 1.69
SR-ARE,23,30,3.8,1.3038404810405297,5,824,Sulfoxide; Indole; Thiophene; Piperidine; Tertiary amine,3.20; 2.22; 1.80; 1.53; 1.46
SR-ARE,29,39,6.2,3.7013511046643495,5,1763,Aldehyde; Thiophene; Thioether; Sulfoxide; Piperazine,3.64; 3.64; 2.66; 2.35; 2.18
SR-ARE,15,26,6.4,4.722287581247038,5,718,Sulfoxide; Phenol; Halogen (I); Sulfonamide; Nitro group,3.15; 2.88; 2.09; 1.89; 1.65
SR-ARE,110,20,11.4,4.33589667773576,5,1830,Indole; Primary amine; Secondary amine; Hydroxyl (aliphatic); Piperidine,2.27; 2.07; 1.96; 1.72; 1.70
SR-ARE,21,13,12.6,6.6558245169174945,5,338,Sulfoxide; Furan; Indole; Secondary amine; Piperidine,4.46; 2.57; 2.46; 2.16; 2.04
SR-ARE,31,20,13.0,5.65685424949238,5,368,Piperazine; Ketone; Indole; Sulfone; Hydroxyl (aliphatic),2.70; 2.34; 2.04; 1.98; 1.91
SR-ARE,140,19,13.2,5.449770637375485,5,374,Indole; Secondary amine; Thiophene; Piperidine; Piperazine,4.01; 3.31; 2.90; 2.25; 2.05
SR-ARE,145,17,14.4,9.370165420097983,5,537,Sulfoxide; Sulfonamide; Pyridine; Halogen (F); Sulfone,2.81; 2.79; 2.27; 2.12; 1.90
SR-ARE,81,19,15.8,13.809417076763232,5,525,Halogen (I); Thiophene; Secondary amine; Piperidine; Hydroxyl (aliphatic),2.48; 2.44; 1.77; 1.71; 1.65
SR-ARE,10,17,16.4,7.127411872482185,5,1232,Tertiary amine; Thiophene; Halogen (Br); Thiol; Indole,2.65; 2.00; 1.85; 1.73; 1.69
SR-ARE,147,16,16.6,12.177848742696717,5,575,Sulfoxide; Piperidine; Indole; Pyridine; Tertiary amine,5.90; 2.96; 2.46; 2.12; 2.09
SR-ARE,62,24,17.8,7.362064927722384,5,1314,Nitro group; Sulfonamide; Sulfone; Thiophene; Thioether,4.88; 2.74; 2.55; 1.58; 1.45
SR-ARE,92,21,20.4,5.366563145999495,5,459,Primary amine; Sulfoxide; Piperidine; Thiophene; Furan,3.55; 2.46; 2.29; 2.15; 1.89
SR-ARE,33,17,24.6,13.352902306240393,5,695,Indole; Sulfoxide; Halogen (F); Ether; Ester,2.52; 2.17; 1.58; 1.53; 1.46
SR-ARE,136,18,24.8,14.11382301150188,5,574,Pyrimidine; Thiophene; Indole; Thioether; Halogen (I),5.71; 3.09; 2.76; 2.14; 1.92
SR-ARE,7,33,25.6,9.633275663033837,5,2223,Halogen (F); Piperazine; Morpholine; Piperidine; Sulfoxide,2.88; 2.82; 2.64; 2.56; 2.21
SR-ARE,24,21,26.8,14.446452851824906,5,935,Thioether; Sulfoxide; Indole; Piperazine; Piperidine,4.18; 2.82; 1.78; 1.64; 1.47
SR-ARE,56,17,27.4,15.485477067239485,5,726,Thiophene; Sulfonamide; Ketone; Sulfoxide; Halogen (I),2.45; 2.31; 2.24; 2.08; 1.93
SR-ARE,84,15,30.4,6.542170893518451,5,1006,Sulfonamide; Sulfone; Halogen (F); Thiophene; Aromatic amine,6.02; 5.21; 1.86; 1.57; 1.54
SR-ARE,70,27,30.4,8.384509526501834,5,2801,Ester; Ether; Amide; Ketone; Carboxylic acid,2.14; 1.63; 1.52; 1.47; 1.43
SR-ARE,22,13,31.6,15.388307249337076,5,392,Furan; Thioether; Thiophene; Morpholine; Sulfonamide,3.05; 2.59; 2.26; 2.22; 2.00
SR-ATAD5,168,79,0.4,0.8944271909999159,5,1964,Piperidine; Piperazine; Thiophene; Tertiary amine; Indole,3.06; 2.14; 2.01; 1.99; 1.87
SR-ATAD5,63,51,2.4,1.51657508881031,5,2400,Secondary amine; Indole; Amide; Sulfonamide; Thiophene,2.14; 2.08; 2.08; 2.06; 1.85
SR-ATAD5,128,42,4.6,1.140175425099138,5,2454,Furan; Morpholine; Thiophene; Piperazine; Ketone,2.61; 2.61; 1.73; 1.71; 1.69
SR-ATAD5,23,30,6.4,4.33589667773576,5,824,Sulfoxide; Indole; Thiophene; Piperidine; Tertiary amine,3.20; 2.22; 1.80; 1.53; 1.46
SR-ATAD5,10,17,7.0,7.3484692283495345,5,1232,Tertiary amine; Thiophene; Halogen (Br); Thiol; Indole,2.65; 2.00; 1.85; 1.73; 1.69
SR-ATAD5,62,24,8.0,10.464224768228174,5,1314,Nitro group; Sulfonamide; Sulfone; Thiophene; Thioether,4.88; 2.74; 2.55; 1.58; 1.45
SR-ATAD5,29,39,8.4,6.308724118235001,5,1763,Aldehyde; Thiophene; Thioether; Sulfoxide; Piperazine,3.64; 3.64; 2.66; 2.35; 2.18
SR-ATAD5,7,33,10.8,11.861703081766969,5,2223,Halogen (F); Piperazine; Morpholine; Piperidine; Sulfoxide,2.88; 2.82; 2.64; 2.56; 2.21
SR-ATAD5,147,16,12.8,6.942621983083912,5,575,Sulfoxide; Piperidine; Indole; Pyridine; Tertiary amine,5.90; 2.96; 2.46; 2.12; 2.09
SR-ATAD5,33,17,13.6,7.700649323271382,5,695,Indole; Sulfoxide; Halogen (F); Ether; Ester,2.52; 2.17; 1.58; 1.53; 1.46
SR-ATAD5,81,19,15.8,3.768288736283354,5,525,Halogen (I); Thiophene; Secondary amine; Piperidine; Hydroxyl (aliphatic),2.48; 2.44; 1.77; 1.71; 1.65
SR-ATAD5,92,21,16.0,7.0,5,459,Primary amine; Sulfoxide; Piperidine; Thiophene; Furan,3.55; 2.46; 2.29; 2.15; 1.89
SR-ATAD5,70,27,16.0,7.14142842854285,5,2801,Ester; Ether; Amide; Ketone; Carboxylic acid,2.14; 1.63; 1.52; 1.47; 1.43
SR-ATAD5,66,13,18.4,5.319774431308155,5,1198,Thiophene; Furan; Sulfonamide; Ester; Aromatic amine,1.89; 1.63; 1.61; 1.50; 1.48
SR-ATAD5,22,13,19.4,8.018728078691781,5,392,Furan; Thioether; Thiophene; Morpholine; Sulfonamide,3.05; 2.59; 2.26; 2.22; 2.00
SR-ATAD5,74,19,20.4,9.50263121456368,5,1438,Phenol; Sulfoxide; Halogen (I); Indole; Sulfonamide,4.46; 2.88; 2.23; 1.97; 1.96
SR-ATAD5,140,19,24.0,9.460443964212251,5,374,Indole; Secondary amine; Thiophene; Piperidine; Piperazine,4.01; 3.31; 2.90; 2.25; 2.05
SR-ATAD5,219,16,27.2,9.884331034521253,5,597,Indole; Sulfoxide; Amide; Thiophene; Hydroxyl (aliphatic),3.35; 2.53; 2.36; 1.82; 1.66
SR-ATAD5,93,16,28.8,11.924764148611073,5,670,Aldehyde; Pyridine; Sulfoxide; Indole; Piperazine,2.39; 1.75; 1.69; 1.62; 1.55
SR-ATAD5,108,14,34.0,10.88577052853862,5,420,Sulfoxide; Thioether; Secondary amine; Piperidine; Primary amine,2.69; 2.47; 2.37; 2.23; 2.06
SR-HSE,168,79,0.0,0.0,5,1964,Piperidine; Piperazine; Thiophene; Tertiary amine; Indole,3.06; 2.14; 2.01; 1.99; 1.87
SR-HSE,63,51,2.0,0.7071067811865476,5,2400,Secondary amine; Indole; Amide; Sulfonamide; Thiophene,2.14; 2.08; 2.08; 2.06; 1.85
SR-HSE,128,42,2.8,1.6431676725154984,5,2454,Furan; Morpholine; Thiophene; Piperazine; Ketone,2.61; 2.61; 1.73; 1.71; 1.69
SR-HSE,7,33,4.8,3.420526275297414,5,2223,Halogen (F); Piperazine; Morpholine; Piperidine; Sulfoxide,2.88; 2.82; 2.64; 2.56; 2.21
SR-HSE,15,26,5.4,1.8165902124584952,5,718,Sulfoxide; Phenol; Halogen (I); Sulfonamide; Nitro group,3.15; 2.88; 2.09; 1.89; 1.65
SR-HSE,29,39,6.4,2.1908902300206643,5,1763,Aldehyde; Thiophene; Thioether; Sulfoxide; Piperazine,3.64; 3.64; 2.66; 2.35; 2.18
SR-HSE,24,21,8.6,6.6932802122726045,5,935,Thioether; Sulfoxide; Indole; Piperazine; Piperidine,4.18; 2.82; 1.78; 1.64; 1.47
SR-HSE,62,24,10.0,9.1104335791443,5,1314,Nitro group; Sulfonamide; Sulfone; Thiophene; Thioether,4.88; 2.74; 2.55; 1.58; 1.45
SR-HSE,31,20,11.6,7.700649323271382,5,368,Piperazine; Ketone; Indole; Sulfone; Hydroxyl (aliphatic),2.70; 2.34; 2.04; 1.98; 1.91
SR-HSE,23,30,12.4,6.228964600958975,5,824,Sulfoxide; Indole; Thiophene; Piperidine; Tertiary amine,3.20; 2.22; 1.80; 1.53; 1.46
SR-HSE,195,11,16.0,9.617692030835673,5,368,Indole; Piperidine; Pyrimidine; Thioether; Piperazine,3.85; 2.24; 2.03; 1.92; 1.72
SR-HSE,245,15,18.6,13.722244714331545,5,686,Piperazine; Pyridine; Sulfone; Thioether; Halogen (F),3.22; 2.56; 2.55; 2.51; 2.41
SR-HSE,81,19,19.2,8.729261137118078,5,525,Halogen (I); Thiophene; Secondary amine; Piperidine; Hydroxyl (aliphatic),2.48; 2.44; 1.77; 1.71; 1.65
SR-HSE,56,17,23.0,4.183300132670378,5,726,Thiophene; Sulfonamide; Ketone; Sulfoxide; Halogen (I),2.45; 2.31; 2.24; 2.08; 1.93
SR-HSE,75,13,24.0,11.067971810589327,5,351,Sulfoxide; Sulfone; Piperidine; Tertiary amine; Furan,5.37; 4.57; 3.54; 2.76; 2.48
SR-HSE,0,20,29.0,9.354143466934854,5,1323,Aldehyde; Furan; Ester; Ether; Cyano,4.85; 2.55; 1.65; 1.32; 1.26
SR-HSE,110,20,29.4,16.75708805252273,5,1830,Indole; Primary amine; Secondary amine; Hydroxyl (aliphatic); Piperidine,2.27; 2.07; 1.96; 1.72; 1.70
SR-HSE,46,13,29.8,13.349157276772193,5,637,Indole; Thiophene; Secondary amine; Primary amine; Piperidine,6.01; 2.32; 1.94; 1.80; 1.77
SR-HSE,64,7,30.2,10.183319694480774,5,160,Sulfone; Halogen (Br); Indole; Cyano; Phenol,6.37; 2.56; 2.08; 1.98; 1.53
SR-HSE,52,16,31.0,12.144957801491119,5,1624,Indole; Ether; Sulfoxide; Ester; Thiophene,2.20; 2.12; 1.86; 1.63; 1.58
SR-HSE,74,19,32.2,10.52140675005011,5,1438,Phenol; Sulfoxide; Halogen (I); Indole; Sulfonamide,4.46; 2.88; 2.23; 1.97; 1.96
SR-HSE,6,18,35.8,12.537942414925984,5,1359,Indole; Piperidine; Pyridine; Piperazine; Furan,4.72; 2.52; 2.42; 2.39; 2.24
SR-HSE,147,16,37.0,11.811011811017716,5,575,Sulfoxide; Piperidine; Indole; Pyridine; Tertiary amine,5.90; 2.96; 2.46; 2.12; 2.09
SR-MMP,63,51,0.2,0.447213595499958,5,2400,Secondary amine; Indole; Amide; Sulfonamide; Thiophene,2.14; 2.08; 2.08; 2.06; 1.85
SR-MMP,168,79,1.0,0.7071067811865476,5,1964,Piperidine; Piperazine; Thiophene; Tertiary amine; Indole,3.06; 2.14; 2.01; 1.99; 1.87
SR-MMP,23,30,5.0,4.636809247747852,5,824,Sulfoxide; Indole; Thiophene; Piperidine; Tertiary amine,3.20; 2.22; 1.80; 1.53; 1.46
SR-MMP,128,42,5.4,3.4351128074635335,5,2454,Furan; Morpholine; Thiophene; Piperazine; Ketone,2.61; 2.61; 1.73; 1.71; 1.69
SR-MMP,29,39,6.4,5.079370039680118,5,1763,Aldehyde; Thiophene; Thioether; Sulfoxide; Piperazine,3.64; 3.64; 2.66; 2.35; 2.18
SR-MMP,15,26,7.6,4.03732584763727,5,718,Sulfoxide; Phenol; Halogen (I); Sulfonamide; Nitro group,3.15; 2.88; 2.09; 1.89; 1.65
SR-MMP,136,18,8.0,5.1478150704935,5,574,Pyrimidine; Thiophene; Indole; Thioether; Halogen (I),5.71; 3.09; 2.76; 2.14; 1.92
SR-MMP,7,33,8.4,2.4083189157584592,5,2223,Halogen (F); Piperazine; Morpholine; Piperidine; Sulfoxide,2.88; 2.82; 2.64; 2.56; 2.21
SR-MMP,51,10,12.8,9.67987603226405,5,200,Pyrimidine; Thiophene; Sulfone; Furan; Sulfoxide,3.73; 2.96; 2.91; 2.72; 1.89
SR-MMP,74,19,14.8,7.918333157931662,5,1438,Phenol; Sulfoxide; Halogen (I); Indole; Sulfonamide,4.46; 2.88; 2.23; 1.97; 1.96
SR-MMP,113,13,17.4,16.92040188648012,5,250,Sulfone; Halogen (F); Indole; Hydroxyl (aliphatic); Pyridine,2.91; 2.28; 2.00; 1.67; 1.63
SR-MMP,110,20,20.0,6.519202405202649,5,1830,Indole; Primary amine; Secondary amine; Hydroxyl (aliphatic); Piperidine,2.27; 2.07; 1.96; 1.72; 1.70
SR-MMP,49,17,21.6,12.720062892926277,5,513,Aldehyde; Sulfoxide; Indole; Furan; Primary amine,2.40; 2.21; 2.11; 1.91; 1.83
SR-MMP,147,16,23.0,17.435595774162696,5,575,Sulfoxide; Piperidine; Indole; Pyridine; Tertiary amine,5.90; 2.96; 2.46; 2.12; 2.09
SR-MMP,62,24,24.4,9.762171889492624,5,1314,Nitro group; Sulfonamide; Sulfone; Thiophene; Thioether,4.88; 2.74; 2.55; 1.58; 1.45
SR-MMP,219,16,27.2,9.038805230781334,5,597,Indole; Sulfoxide; Amide; Thiophene; Hydroxyl (aliphatic),3.35; 2.53; 2.36; 1.82; 1.66
SR-MMP,81,19,28.4,13.520355024924458,5,525,Halogen (I); Thiophene; Secondary amine; Piperidine; Hydroxyl (aliphatic),2.48; 2.44; 1.77; 1.71; 1.65
SR-MMP,195,11,34.0,3.6742346141747677,5,368,Indole; Piperidine; Pyrimidine; Thioether; Piperazine,3.85; 2.24; 2.03; 1.92; 1.72
SR-MMP,108,14,34.6,5.549774770204643,5,420,Sulfoxide; Thioether; Secondary amine; Piperidine; Primary amine,2.69; 2.47; 2.37; 2.23; 2.06
SR-p53,168,79,0.0,0.0,5,1964,Piperidine; Piperazine; Thiophene; Tertiary amine; Indole,3.06; 2.14; 2.01; 1.99; 1.87
SR-p53,63,51,1.8,1.0954451150103321,5,2400,Secondary amine; Indole; Amide; Sulfonamide; Thiophene,2.14; 2.08; 2.08; 2.06; 1.85
SR-p53,23,30,2.6,0.5477225575051661,5,824,Sulfoxide; Indole; Thiophene; Piperidine; Tertiary amine,3.20; 2.22; 1.80; 1.53; 1.46
SR-p53,29,39,3.8,1.6431676725154984,5,1763,Aldehyde; Thiophene; Thioether; Sulfoxide; Piperazine,3.64; 3.64; 2.66; 2.35; 2.18
SR-p53,128,42,5.0,2.449489742783178,5,2454,Furan; Morpholine; Thiophene; Piperazine; Ketone,2.61; 2.61; 1.73; 1.71; 1.69
SR-p53,15,26,12.4,7.092249290598858,5,718,Sulfoxide; Phenol; Halogen (I); Sulfonamide; Nitro group,3.15; 2.88; 2.09; 1.89; 1.65
SR-p53,24,21,13.2,10.545141061171254,5,935,Thioether; Sulfoxide; Indole; Piperazine; Piperidine,4.18; 2.82; 1.78; 1.64; 1.47
SR-p53,39,9,13.6,12.817956155331473,5,263,Aldehyde; Morpholine; Halogen (I); Thiophene; Furan,4.45; 3.31; 2.29; 2.25; 2.07
SR-p53,7,33,14.4,10.261578825892242,5,2223,Halogen (F); Piperazine; Morpholine; Piperidine; Sulfoxide,2.88; 2.82; 2.64; 2.56; 2.21
SR-p53,74,19,15.8,11.966620241321273,5,1438,Phenol; Sulfoxide; Halogen (I); Indole; Sulfonamide,4.46; 2.88; 2.23; 1.97; 1.96
SR-p53,46,13,19.6,16.47118696390761,5,637,Indole; Thiophene; Secondary amine; Primary amine; Piperidine,6.01; 2.32; 1.94; 1.80; 1.77
SR-p53,108,14,20.4,14.570518178843194,5,420,Sulfoxide; Thioether; Secondary amine; Piperidine; Primary amine,2.69; 2.47; 2.37; 2.23; 2.06
SR-p53,148,14,21.6,9.838699100999074,5,382,Thiophene; Tertiary amine; Cyano; Aldehyde; Sulfone,2.32; 2.09; 1.97; 1.94; 1.91
SR-p53,219,16,24.4,11.653325705565772,5,597,Indole; Sulfoxide; Amide; Thiophene; Hydroxyl (aliphatic),3.35; 2.53; 2.36; 1.82; 1.66
SR-p53,147,16,25.8,10.756393447619885,5,575,Sulfoxide; Piperidine; Indole; Pyridine; Tertiary amine,5.90; 2.96; 2.46; 2.12; 2.09
SR-p53,92,21,25.8,14.11382301150188,5,459,Primary amine; Sulfoxide; Piperidine; Thiophene; Furan,3.55; 2.46; 2.29; 2.15; 1.89
SR-p53,93,16,27.8,12.696456198483101,5,670,Aldehyde; Pyridine; Sulfoxide; Indole; Piperazine,2.39; 1.75; 1.69; 1.62; 1.55
SR-p53,67,16,28.4,4.61519230368573,5,723,Thiophene; Indole; Piperidine; Piperazine; Tertiary amine,3.27; 2.65; 2.28; 2.00; 1.94
